lat,lon,custo,nome
42.36413,-71.02991,125.0,HARBORSIDE-Walk to subway
42.32844,-71.09581,129.0,** Fort Hill Inn Private! Minutes to center!**
42.32802,-71.09387,168.0,"Fort Hill Inn *Sunny* 1 bedroom, condo duplex"
42.35867,-71.06307,140.0,Curved Glass Studio/1bd facing Park
42.35173,-71.08685,166.0,Bostons Best Rentals -Studio Prestigious Back Bay
42.35061,-71.08787,202.0,The Back Bay Nook  -Brownstone in Prestigious Area
42.36377,-71.05206,202.0,The Olive & Vine in The North End-Walk to MGH Tuft
42.32212,-71.06096,162.0,230B1 | The Dorset Redline | 3BR 1BA w/AC | Pvt
42.37754,-71.06642,323.0,Moroccan Decor Suite
42.31347,-71.11082,91.0,Private room & bath - Jamaica Plain
42.37424,-71.06081,176.0,Garden Studio
42.29871,-71.05954,59.0,Bright Furnished Room with Separate Entrance
42.32546,-71.08894,72.0,Room in geographical heart of Hub
42.35894,-71.0631,106.0,Bookcase 1bd facing Boston Common
42.37865,-71.06373,140.0,Waterfall Room: Bunker Hill B&B
42.29871,-71.05954,206.0,Private room in Victorian house
42.32806,-71.09423,225.0,Fort Hill Inn  2 bed Duplex ApT!  Location!
42.37823,-71.06778,206.0,City Oasis/sleeps 4 near historical sites
42.31331,-71.12061,62.0,"Great Boston neighborhood , Jamaica Plain"
42.31533,-71.11025,174.0,Serene Studio in a Perfect Location
42.29871,-71.05954,206.0,Large bedroom in Victorian House/Room D
42.31685,-71.10867,133.0,Treetop Haven in the City
42.36614,-71.05226,279.0,Private room off the Freedom Trail.
42.33255,-71.04125,322.0,BOSTON LUXURY FOR LESS!! NEAR BCEC
42.33583,-71.05271,270.0,Your cozy stay in South Boston
42.29871,-71.05954,245.0,"Beautiful Townhouse, 2 BR & 2 Bath"
42.29871,-71.05954,50.0,Cozy Room in Beautiful Victorian House /E
42.31658,-71.11012,76.0,"Sweet Little House in JP, Boston"
42.31062,-71.1176,206.0,"Private Floor, Private Bath, City Location"
42.34914,-71.06781,206.0,"Great location, sunny 1-bedroom!"
42.31368,-71.0612,206.0,14P | The Grand View | 5BR 2BA w/AC | House!
42.32212,-71.06096,123.0,230B4 | The Penthouse Redline | 2BR 1B w/AC | Pvt
42.32212,-71.06095,153.0,230B3  | The Mayhew Redline | 3BR 1B w/AC | Pvt
42.34096,-71.14647,206.0,"Boston Beauty, Walk to C and B line"
42.29061,-71.15293,194.0,145R1 | The Redlands 1 | 2BR 1BA w/AC | Private
42.29192,-71.15407,150.0,25A2 | The Alameda 2 | 2BR 1BA w/AC & WD | Private
42.37579,-71.04981,251.0,Houseboat in Boston Harbor
42.377338,-71.063095,175.0,Getaway in Historic Charlestown
42.37826919555664,-71.06332397460938,208.0,Boston / Charlestown Apartment
42.30833,-71.11456,621.0,Unique Find: At Home in the City!
42.30733,-71.11129,116.0,"Private room for 1 person, separate private bath"
42.28573,-71.12334,55.0,6 miles away from downtown Boston!
42.32795,-71.09412,141.0,Fort Hill Inn -Cool Space-BOSTON'S BEST-1 bedroom
42.3558,-71.06104,449.0,"Modern Loft, 1700 SqFt. Location!"
42.29038,-71.13919,420.0,"Perfect & Practical Boston Rental (1,500+ sqft)"
42.344162,-71.070381,206.0,South End | 2BR 2BA | Pet OK | Walk Everywhere!
42.29017,-71.13169,82.0,Private room in house
42.29175,-71.14096,136.0,Convenient Boston Hotel Alternative
42.35976409912109,-71.06116485595703,182.0,Best Location Luxury Beacon Hill North End Condo
42.34308,-71.07316,289.0,"The Dalton - The Upton Boston, South End"
42.36194,-71.06256,206.0,Spacious 1 bdrm in Beacon Hill
42.31653,-71.11049,158.0,Cozy JP Studio-Great Location!
42.34022,-71.075,206.0,"Studio Apt. for Rent in South End,"
42.34475,-71.08204,204.0,ExclusiveBackBayBostonCtr-EntireFloorBrick townhse
42.33395767211914,-71.10222625732422,135.0,Duplex Penthouse in Longwood Area
42.32004,-71.11185,442.0,4 bedroom Victorian Condo unit
42.36489,-71.05198,505.0,"North End 3BR Condo - Spacious, Central  Location"
42.27171,-71.16688,86.0,Comfy Home in Boston Suburbs
42.35977,-71.06774,206.0,Beacon Hill 1-Bed
42.34294,-71.07304,358.0,"The Washington - The Upton Boston, South End"
42.35714,-71.06968,340.0,Historic Beacon Hill
42.30907,-71.04674,206.0,2 bedroom 1st Floor Apartment in Savin Hill
42.3800475,-71.062315,65.0,Bright Sunlit bedroom near MGH labs/Downtown
42.30856,-71.04646,206.0,Andrea's Private Bath T Downtown
42.34873,-71.15693,128.0,Large Studio Apt w/ Full Kitchen & Bath + Parking!
42.34175,-71.08359,206.0,2 bed/2 bath in the heart of Boston
42.34988,-71.06918,206.0,4-story Central Luxury-two blocks to Boston Common
42.3256,-71.09413,56.0,"Fort Hill Top - 2Bk Private room,  brick townhouse"
42.33835,-71.0472,124.0,Large Private Bedroom & Bathroom by the Seaport
42.28132,-71.13377,206.0,Room in Rozzie-Twin Bed-Full Bath
42.349278,-71.087074,206.0,Charming 2 level Apartment
42.31293,-71.11527,214.0,Urban oasis trendy JP 'hood - suite
42.28639,-71.13199,112.0,Quiet Sunlit Attic Studio
42.28447,-71.13301,167.0,Charming sunlit house in Boston
42.29009,-71.05762,63.0,Private room/ MUST LOVE DOGS
42.28127,-71.13304,63.0,Room for 2 in Rozzie - Full Bath
42.34279,-71.0711,1250.0,3Bed/2.5Bath Luxury Triplex South End's Union Park
42.3569,-71.1624,118.0,Back Bay Elegance in Brighton
42.34981,-71.09476,258.0,"RIVERVIEWS-Walk Everywhere! Central, Safe LOCATION"
42.35985,-71.0717,206.0,Beautiful Penthouse in Beacon Hill
42.3079,-71.12378,206.0,"Beautiful 3 bd- 1.5 bath with parking, in Boston."
42.30593,-71.10733,120.0,One Private Bedroom in J.P.
42.3358,-71.04948,598.0,Spacious Updated 2 Bed Boston Condo w/ Deck
42.33375,-71.04767,187.0,Spacious Updated Boston Room/Condo
42.3504,-71.08891,206.0,Back Bay Studio
42.3559,-71.05998,206.0,Modern 2Bd1BA in Downtown Boston
42.34995,-71.13427,181.0,I bdrm in Boston/Allston/Brookline
42.342121,-71.075073,303.0,"The Clare - The Upton Boston, South End"
42.31146,-71.11947,180.0,Light-filled Private Suite on Beautiful Street
42.34391,-71.15628,75.0,Sunny 1 Bedroom
42.34568,-71.07169,206.0,* Brownstone Classic South End
42.35702,-71.06168,175.0,"Sunny Beacon Hill, corner unit top floor"
42.34309,-71.07316,269.0,"The Tremont - The Upton Boston, South End"
42.34272,-71.15672,77.0,Charming comfort 1 BR / Studio
42.35429,-71.13251,206.0,"Modern loft, walk to subway"
42.34492,-71.08482,280.0,Charlesview Suites Back Bay
42.34868,-71.07043,206.0,Lofty Modern 2BD Apt 800 sq ft
42.35902,-71.06296,150.0,Perfect Location to Explore Boston
42.38148,-71.06967,237.0,Beautiful 3 bedroom 2 bath apt in Charlestown
42.26043,-71.11766,206.0,BEAUTIFUL SINGLE FAMILY VICTORIAN in Hyde Park!
42.23533,-71.13256,125.0,2bd APT 20min from Downtown Boston
42.28814,-71.06889,51.0,2 Minutes Walk  to the Red Line!
42.28657,-71.13236,153.0,1bd Boston apt - convenient & quiet
42.31281,-71.06098,132.0,"Garden Suite near subway, beach"
42.32811,-71.09157,124.0,"AKBrownstone: custom-built, park garden view by T"
42.31907,-71.09252,118.0,Urban Travelers Modern Studio
42.35564,-71.15746,206.0,"Sunlit w/ huge kitchen, parking & easy to downtown"
42.351,-71.08899,206.0,4th of July Dream Spot!
42.35884,-71.06332,188.0,Luxury Beacon Hill Apartment 1-BR
42.29742,-71.157,206.0,"Beautiful, Quiet, and Safe!"
42.32213,-71.06094,159.0,230B2 | The Roseclair Redline | 3BR 1B w/AC | Pvt
42.35844,-71.06153,206.0,Beacon Hill!! Feet Fom State House
42.32843,-71.09369,177.0,"Modern, Spacious 1BR for 4 - Easy Marathon Access!"
42.31676,-71.08,38.0,Parking Close 2 Downtown Renovated
42.27242,-71.16573,149.0,Private Boston Antique Suite
42.31676,-71.08,35.0,Small Rm +walk-in closet Easy to Longwood/Downtown
42.35792,-71.06432,150.0,Beacon Hill Fabulous One Bedroom Apartment
42.31016,-71.10582,105.0,"Entire 2nd floor, skylight suite is all yours!"
42.38679,-71.00271,42.0,Minutes to Boston-Near Beach 69-1
42.28969,-71.13183,206.0,Sunny bedroom in large quiet house
42.33765,-71.07434,169.0,"Sensational South End - 2BR, no stairs"
42.31826,-71.09956,112.0,Sunlit room with private bath
42.36619,-71.05217,228.0,Spacious Apt In North End
42.31063344940129,-71.10855891982172,241.0,Airy new apt for 2-6. Near subway. Free parking.
42.35491,-71.07463,206.0,Back Bay Charmer
42.36618,-71.05217,206.0,Historic Brick Apt North End
42.28547,-71.06799,69.0,"Bright, cozy bedroom in Victorian"
42.31246,-71.10793,85.0,Quiet Artist's Retreat
42.34853,-71.09256,206.0,Two Bedroom Apartment in Kenmore Sq
42.32971,-71.0931,146.0,AKBrownstone: Master Suite park view by T
42.34128,-71.07607,175.0,Studio apart Tremont St South End #2
42.33678,-71.15237,206.0,Great location!
42.38831,-71.0044,99.0,ONE Room at East Boston Logan Airport
42.31128,-71.10981,206.0,Cozy Jamaica Plain Pad
42.34128,-71.07607,180.0,large & grand 2 bedroom South End by Copley Sq #3
42.34128,-71.07607,175.0,newly furn one bedroom by Copley #6
42.35309,-71.14822,194.0,"Grt Location, Big 3 Bed, Nr all Colleges, parking"
42.32942,-71.09149,100.0,AKBrownstone: modern treetop skyline view by T
42.36017,-71.06346,162.0,Perfectly Located Rental Near MGH & TD Garden #13
42.34441,-71.07633,142.0,South End Studio Perfect for Work Travel #36
42.34447,-71.07644,221.0,"Explore Newbury St, Fenway, and Chinatown Nearby,"
42.34982,-71.08264,221.0,Boston’s Top Location: Newbury Street – #1
42.32965,-71.0932,106.0,AKBrownstone: Loft rooftop views by T
42.32397,-71.09085,246.0,Fort Hill Inn Historic Beauty! Minutes to Center!
42.34301,-71.07304,175.0,"The Upton South End, The Copley Suite"
42.32967,-71.09328,154.0,AKBrownstone: cozy private studio by T
42.31676,-71.08,39.0,Parking EZ 2 Downtown/Longwood Larg
42.31676,-71.08,39.0,Parking Renovated Close to Downtown
42.3645578,-71.0692521,432.0,2 Bd/Bth Apt in Prime Location Gorgeous Water View
42.378693,-71.035088,231.0,Boston Rooftop Retreat-Airport & Train
42.34441,-71.07633,161.0,South End Studio Perfect for Work Travel #46
42.31676,-71.08,39.0,Parking Easy to downtown/Longwood
42.33245,-71.10642,206.0,GreenT&bus stops in front of door
42.34341,-71.15451,60.0,Charming studio
42.34765,-71.15509,326.0,Historic House modernized
42.2563,-71.12762,211.0,Charming Victorian Furnished Home
42.35914,-71.13348,206.0,Cozy Attic Bedroom in Allston
42.35111,-71.16529,58.0,Cosy Celtic Retreat
42.27667,-71.08169,206.0,One Sweet Place (A) managed by Andrea
42.35815,-71.07102,206.0,Romantic Beacon Hill Studio
42.32352198858505,-71.10688328334862,94.0,Studio w/ private entrance and bathroom
42.35779,-71.13347,206.0,Spacious Family-Friendly Townhome Near Harvard
42.31124,-71.06551,59.0,3rd floor room in Victorian House
42.31327,-71.10811,70.0,Quiet room - Great location!
42.33034,-71.05802,71.0,"Large room with view on Downtown, 27 Dexter Street"
42.34041,-71.08384,570.0,Stunning SouthEnd/BackBay Penthouse
42.30542,-71.10409,247.0,2 Bdrm Apt w/ tower in JP Victorian
42.34024,-71.07483,950.0,Beautiful Townhouse Boston's South End
42.31681,-71.08001,39.0,"Renovated, Quiet, Free Parking"
42.38704,-71.00581,62.0,Studio Condo by Airport and T Station
42.31163,-71.06351,126.0,Beautiful 3 bedroom Dorchester MA
42.28629,-71.13839,155.0,Quiet  Beauty in Boston
42.38455,-71.00217,206.0,City living near the beach!
42.31676,-71.08,39.0,Parking Renovated Close to Downtown
42.33211,-71.09842,336.0,*Fort Hill Inn: Penthouse Duplex* Close to Center
42.3285,-71.09608,162.0,"Fresh! City Loft Apartment,  Minutes to Center!"
42.34628,-71.08064,250.0,Private Entrance * King Beds * Parking * Kid Ready
42.34441,-71.07633,206.0,"Heart of South End, Convenient, Comfy Studio #42"
42.38118,-71.06073,625.0,Boston at your doorstep!
42.32448,-71.10664,206.0,Sunny Two-Bedroom in Boston
42.33509,-71.07847,100.0,Share South End Multi-level Loft/ with parking
42.34447,-71.07644,184.0,"Near Fenway Park, South End, and Newbury St #4"
42.34447,-71.07644,123.0,"Stay Close to Fenway, Tufts Medical Center & More"
42.35211,-71.13178,206.0,Large room located in Allston
42.33286,-71.04506,277.0,City sanctuary - garden terrace - ocean view
42.36726,-71.05424,330.0,"""La Gemma"" - a gem in the North End"
42.34306,-71.0872,206.0,Sunny 1BR for Summer
42.33284,-71.04685,206.0,Condo overlooking Boston Harbour
42.3605,-71.12633,71.0,The Nantucket Room near Harvard Square
42.28516,-71.13772,81.0,"2 rms, private bath, females or grandparents only"
42.35009,-71.07023,512.0,Great location! 3 BD single fam. Kid-friendly.
42.33034,-71.05802,206.0,"Large room, wood floor, 2 windows, 27 Dexter"
42.34459,-71.06999,206.0,South End Condo
42.3605,-71.12633,74.0,The Meditation Room near Harvard Square
42.32431720644971,-71.0586656980579,267.0,Close to it all-private parking & red MBTA station
42.32966,-71.09597,177.0,Fort Hill Inn- Cozy Studio ApT 1.5 miles to Center
42.2619,-71.11315,110.0,Hidden Gem in Boston: Long Term 1 Month + Only
42.35262,-71.07899,92.0,Small studio in GREAT location
42.31583,-71.11448,117.0,Pvt tree top suite in great location
42.28951,-71.15657,206.0,"Free parking, 1 private room, 1 queen Bed"
42.31584,-71.09932,263.0,"Family friendly Victorian home, walk to T"
42.29828,-71.11048,472.0,Spacious 5BR Condo w/parking near METRO
42.33034,-71.05802,64.0,"Large room, excellent access, 27 Dexter Street"
42.32932,-71.08925,177.0,Urban Oasis / Apartment perfect for work & create
42.28411,-71.11693,43.0,Cozy private room near bus stop
42.34118,-71.14678,171.0,"Cozy 1B, Green Line, Boston Coll, Elev, Roof Deck"
42.37639,-71.06389,206.0,Renovated Boston Apartment
42.34441,-71.07633,167.0,"Stylish Downtown Studio in the SouthEnd, C.Ave# 45"
42.34441,-71.07633,168.0,"Stylish Downtown Studio in the SouthEnd, C.Ave# 43"
42.34447,-71.07644,106.0,"Explore Newbury St, Fenway & South End Nearby #1"
42.34982,-71.08264,228.0,Iconic Newbury Street at Your Doorstep #10
42.34441,-71.07633,141.0,South End Studio Perfect for Work Travel #26
42.34441,-71.07633,107.0,Perfect Spot Near Boston's Cultural Hub #22
42.34447,-71.07644,184.0,"Minutes to Chinatown, Boston Common & Fenway Park"
42.31392,-71.06137,160.0,"Treetop+Balcony Suite, ocean view, safe, nr metro"
42.31676,-71.08,35.0,"Small room Easy to Downtown, Longwood Clean Sunny"
42.34441,-71.07633,133.0,Minutes from Boston Common & the Public Garden #23
42.31676,-71.08,39.0,Renovated Parking EZ to downtown
42.34512,-71.09479,139.0,A Fenway Getaway
42.34441,-71.07633,206.0,"Stylish Downtown Studio in the SouthEnd, C.Ave# 31"
42.34441,-71.07633,163.0,Explore Newbury Street Just Moments Away # 21
42.31927,-71.11325,206.0,"Beautiful Home in Jamaica Plain, MA"
42.34982,-71.08264,180.0,Live in the Heart of Newbury Street #3
42.34979,-71.08262,190.0,"Prime Newbury St Location, Walk Everywhere #4"
42.34982,-71.08264,220.0,"Newbury St Living –Trendy, Vibrant, Unbeatable!#12"
42.315,-71.0564,206.0,Spacious bedroom close to downtown
42.30849,-71.11721,259.0,"Exquisite Treetop Haven, JP Center, Driveway!"
42.32132,-71.10957,206.0,French Country 2bd/2bth Heart of JP
42.367,-71.05764,206.0,2 Bedroom in the heart of Boston
42.38239,-71.06393,170.0,Basement apartment in Charlestown
42.36478,-71.06122,206.0,North Station Luxury Apartment!
42.28249,-71.1146,43.0,Private Room near public transport
42.31676,-71.08,35.0,Easy to downtown/Longwood Free Parking Clean House
42.31676,-71.08,206.0,Cozy Rm Off-Street Parking EZ 2 downtown/Longwood
42.29325,-71.05707,206.0,M&R - Front Bedroom Bathroom Parking - Walk to T!
42.29348,-71.05569,101.0,M&R Quiet Back Room Parking Bathroom
42.34687,-71.09051,206.0,One Bedroom right by Fenway Park
42.31236,-71.08133,206.0,Charming urban studio
42.31572,-71.10847,135.0,Light and airy separate apt in funky Jamaica Plain
42.343,-71.14416,79.0,"Quiet, sunny studio, directly on the T"
42.36207,-71.06885,206.0,Beautiful Apartment in Beacon Hill
42.34532,-71.13829,427.0,"Spacious 3 bed, in unit laundry, central Air"
42.33053,-71.05388,175.0,Private apartment /parking/cozy garden.
42.38071,-71.07037,206.0,Private Bedroom
42.34447,-71.07644,244.0,"Near Boston Common, North End & Tufts Medical Cent"
42.34982,-71.08264,192.0,Unbeatable Location on Newbury Street #5
42.34982,-71.08264,218.0,Live in the Center of Newbury St Action! #11
42.34982,-71.08264,213.0,Perfectly Placed on Newbury Street #7
42.34982,-71.08264,181.0,Copley Square & Historic Landmarks on Newbury St#2
42.34982,-71.08264,218.0,"Vibrant, Chic Newbury St – Stay in Style! #6"
42.34982,-71.08264,221.0,Discover Boston from Newbury Street #8
42.34441,-71.07633,127.0,"Charming Studio in Boston Brownstone, #44"
42.35976,-71.13372,206.0,Sunny bedroom in Allston
42.28413,-71.11671,43.0,Private room near bus stop
42.35045,-71.09567,235.0,Safe Central City Location! WalkToWork/Everywhere!
42.34447,-71.07644,185.0,"Steps from South End, Tufts Medical Center & More,"
42.34447,-71.07644,123.0,"Walk to Chinatown, Boston Common, and South End"
42.36017,-71.06346,183.0,"Sleek Rental in Beacon Hill, Near TD Garden/MGH #6"
42.36017,-71.06346,161.0,"Beacon Hill Gem, Close to TD Garden & MGH – #14"
42.36017,-71.06346,172.0,Convenient Beacon Hill Location Near TD Garden #11
42.35623,-71.07023,850.0,Stunning Beacon Hill Boston Townhouse Apartment
42.36017,-71.06346,212.0,Prime Rental by MGH & TD Garden – Beacon Hill #3
42.34128,-71.07607,135.0,Great views from top floor #7
42.333,-71.03544,197.0,Spacious 3BR | 2.5 BA + Office Single-Family Home
42.32936,-71.09328,206.0,Modern Classic Boston Brownstone by LMA & T
42.36017,-71.06346,183.0,"Beacon Hill – Prime Location, Near MGH #9"
42.34218,-71.10698,206.0,"2BD, Steps to Hospitals, T&Colleges"
42.31247,-71.10808,280.0,Large Luxury Condo near Boston T
42.35642,-71.16411,99.0,Perfect for 1
42.34441,-71.07633,209.0,"Stylish Downtown Studio in the SouthEnd, C.Ave# 41"
42.34441,-71.07633,106.0,"Heart of South End, Convenient, Comfy Studio #32"
42.36017,-71.06346,183.0,Ideal Location Near TD Garden and MGH #2
42.36017,-71.06346,200.0,Close to TD Garden and MGH – Beacon Hill Living #8
42.36017,-71.06346,188.0,Bright Beacon Hill Rental Close to MGH/TD Garden#7
42.36017,-71.06346,163.0,"Beacon Hill – Prime Location, Near TD Garden #15"
42.36017,-71.06346,169.0,Perfect Beacon Hill Location – Near TD Garden #12
42.34203,-71.07256,206.0,Large bedroom in South End w/ Patio
42.24179,-71.12412,75.0,Morning Glory Bed & Breakfast!
42.31689,-71.1004,206.0,"Charming home Away from Home, close to parks"
42.36017,-71.06346,208.0,Beacon Hill Rental Steps to MGH & TD Garden – #1
42.35396,-71.06128,206.0,Studio apartment conveniently located in Downtown
42.34441,-71.07633,106.0,"Centrally located Studio in Boston ,#35"
42.357753697635744,-71.07018581917023,206.0,"Beacon Hill- 2br, 2 bath Personal Home"
42.32404,-71.05822,206.0,Andrew Sq Room Close to T&Shops
42.32601,-71.05969,206.0,A Very Large Room - Beige Room
42.3241,-71.05963,206.0,Andrew Sq - Quiet Yellow Room
42.3242,-71.05839,206.0,A Very Large Room- Great for Couple
42.36388,-71.05765,206.0,North End Studio
42.32554,-71.09757,206.0,Nice bedroom in a shared apt.
42.35308,-71.05804,206.0,One-Bed Condo (Downtown Boston)
42.34447,-71.07644,184.0,"Close to the North End, Fenway & Boston Common, #6"
42.33567,-71.05366,206.0,Updated South Boston Condo
42.30439,-71.11454,206.0,Friendly Resting Spot/Great Transit
42.34441,-71.07633,206.0,"Stylish Downtown Studio in the Boston, C.Ave# 34"
42.3547,-71.13722,206.0,Boston University Harvard MIT
42.36105,-71.06645,90.0,Gorgeous Beacon Hill Apartment
42.34441,-71.07633,107.0,Prime Location in Boston's South End #25
42.37594,-71.03634,206.0,Sunny Studio near Airport & Train station
42.34274,-71.07832,206.0,Beautiful brown stone in South End
42.36625,-71.05624,206.0,awesome apartment in great location
42.34441,-71.07633,127.0,Steps Away from Back Bay's Best Spots #33
42.25481,-71.14593,136.0,Country Cottage in the City
42.25274,-71.11599,66.0,Gorgeous and Bright Victorian Home
42.34196,-71.16095,324.0,Executive Garden Apartment
42.35953,-71.13511,206.0,Sunny Room  Allston
42.34542,-71.08055,298.0,"Boston, Back Bay Condo w/Private Roof Deck"
42.34874,-71.08911,206.0,Furnished Back Bay 345
42.34587,-71.07257,461.0,South End Boston Apartment with Private Garden
42.30928,-71.11108,141.0,"Stunning suite, historic victorian"
42.25907,-71.11893,52.0,"Lovely, Quiet Room"
42.3168,-71.10721,121.0,Cozy studio apartment in Jamaica plain!
42.36017,-71.06346,184.0,Ideal Rental by MGH & TD Garden – Beacon Hill #10
42.32776,-71.09194,105.0,Suite Petite Attique by Longwood & Train
42.36048,-71.06417,206.0,Cozy Beacon Hill Room
42.27173,-71.07936,206.0,Cozy Double Times II
42.2719,-71.07935,206.0,Fireplace Haven
42.30861,-71.11105,312.0,"Elegant, spacious boudoir with fireplace."
42.30994,-71.11119,224.0,"Elegant studio,kitchn, soaking tub"
42.28946,-71.06818,50.0,Just around the corner from the Red Line!
42.29005,-71.06222,541.0,Warm & Cozy Home for Your Stay!
42.31438,-71.07606,92.0,Modern/chic one-bedroom in eco Smart Home -Room #1
42.35867,-71.07008,206.0,Studio on Charles St. in Beacon Hil
42.25742,-71.12604,163.0,Fully furnished apartment in Boston (Hyde Park)
42.35326,-71.127,206.0,Cozy & sunny apartment BU/Allston
42.35475,-71.15875,102.0,"Private fl w/2BR, 1B, 1LR w/full kitchen"
42.34753,-71.10353,206.0,"Centrally located, cozy studio"
42.36017,-71.06346,191.0,Beacon Hill Rental Close to MGH & TD Garden – #4
42.34299,-71.07305,193.0,Your Home Base for 1+ Months | The Lincoln Suite
42.32708,-71.09752,206.0,Spacious room close to T-Station
42.35291,-71.12859,206.0,"Big, Bright, and Spacious Bedroom"
42.29021,-71.13046,150.0,"Arboretum retreat with AC, private bath, entrance."
42.27843,-71.16233,237.0,Beautiful 2BD / 1 BA - 1st Floor
42.2779,-71.14423,206.0,Double in Arts & Crafts Bungalow
42.2779,-71.14423,206.0,Two rooms in Arts & Crafts Bungalow
42.30627,-71.10763,206.0,"Sunny, Family-Friendly Apartment"
42.30571,-71.10567,206.0,Family-friendly private room
42.38074,-71.03767,206.0,"Private Bed and Bathroom,parking, close to airport"
42.34971,-71.09535,206.0,Charming Bedroom in Kenmore
42.35166,-71.07955,206.0,Back Bay apartment
42.32112,-71.1145,206.0,Tranquil room in great spot!
42.33445358276367,-71.07862854003906,290.0,Stunning triplex loft style condo - Quiet building
42.30489,-71.07071,43.0,Workable & Inexpensive Room Near the 2 T lines!
42.28885,-71.07005,45.0,Peaceful Private Bedroom Near T!
42.36583,-71.03529,206.0,1 BR Apt Close to Airport/Train
42.36594,-71.05669,168.0,"Hideaway in Boston's North End-""Little Italy"""
42.36152,-71.13333,206.0,Small Cozy Attic Bedroom
42.35054,-71.09779,206.0,"Big, Bright, Boston Brownstone"
42.33512,-71.0743,206.0,South End-Close to Everything!
42.34862,-71.06172,125.0,Bright and Cozy Chinatown Apt
42.35128,-71.13059,206.0,"Private, amazing 1-bedroom apt in central location"
42.37126,-71.03893,179.0,Extended stays
42.31431,-71.10305,135.0,"2BR w deck near subway, downtown & hospitals"
42.3431,-71.07854,219.0,The Boston Christopher Studio Suite
42.3432,-71.07846,207.0,The Boston Christopher One Bedroom
42.34488,-71.15435,42.0,Spacious loft in the quiet suburbs #1
42.30027,-71.06324,155.0,Cozy 4BD apartment with AirBeds
42.31659,-71.10565,336.0,"Welcome to JP Boston! 3BR home w/parking, near T"
42.32777,-71.09331,144.0,Garden Apt - Highland Park/Fort Hill (Orange Line)
42.33786,-71.15137,300.0,"2-bedrom loft condo near BC, BU & Fenway w/parking"
42.32385,-71.10746,85.0,spacious 3rd floor loft in home
42.35786,-71.06482,285.0,Second Oldest Home in Beacon Hill
42.34547,-71.10365,206.0,"New, furnished 1 bedroom apt w gym"
42.303,-71.07109,45.0,Sizeable Private Room w/ Air Bed & Convenient to T
42.35208,-71.06282,206.0,Luxury Downtown Boston Apartment
42.35145,-71.06461,180.0,BEST LOCATION IN THE CITY STUDIO W/ FAST WIFI
42.30372,-71.07226,43.0,Spacious & Great Private Room Near T!
42.38231,-71.06871,1288.0,Historic and Charming Brownstone
42.34942,-71.0955,206.0,Sunny Riverview Right In Fenway!
42.30877,-71.08654,206.0,Charming Multi Family Home
42.32378,-71.09648,115.0,Spacious 2 bedroom Apartment.
42.31937,-71.10497,206.0,Two Room Master Suite with Spa Bath
42.28921,-71.06337,206.0,Pleasant & Lovely Room Near T!
42.34091,-71.15012,104.0,"Boston ШkolarFlat - safe space, nice view #BC/BU"
42.3428,-71.07836,271.0,Pristine private apt South End Walk everywhere
42.36538,-71.05159,130.0,Boston North End Luxurious One Bedroom Condo
42.3454,-71.1532,42.0,Spacious loft in the quiet suburbs #2
42.35308,-71.06179,206.0,630 Washington
42.27178,-71.07731,206.0,"Cozy, Clean, Convenient. Private 4 rm, 2 bdrm APT"
42.34942,-71.06341,206.0,Central sunny apt. (fun rugs)
42.30586,-71.07225,40.0,Inexpensive & Clean Private Bedroom!
42.27995,-71.13042,206.0,The Metropolitan - in Roslindale
42.28793,-71.06812,206.0,"""Short Steps to Shawmut T Red Line Stop!"""
42.35218,-71.08103,206.0,1BR in the heart of Back Bay
42.35415,-71.0623,206.0,Nice Bedroom in Downtown Boston!
42.34981,-71.13209,206.0,Cafe-Style Studio Allston Brookline
42.35307,-71.08224,206.0,A studio in the heart of Back Bay
42.36332,-71.05897,208.0,Boston Apartment (North End)
42.34218,-71.07334,282.0,Copley Vacation Rental on the Park  w/ patio M325
42.33233,-71.10948,206.0,room in beautiful house
42.34504,-71.15406,39.0,Spacious loft in the quiet suburbs #3
42.30536,-71.07221,206.0,Walk/Bus to Redline Renovated Easy to MIT/Harvard
42.37032,-71.03974,110.0,Top Rated Apartment! Exceptional Location!
42.32818,-71.09547,128.0,Freshly Renovated Studio close to T
42.38348,-71.07678,163.0,Apartment with 2-3 bedrooms-3 min to subway T stop
42.36588,-71.0613,206.0,2BR Luxury Apt - Downtown/West End
42.3605,-71.12633,79.0,Close to Harvard - Zen Room Lic# STR383892
42.33726,-71.07787,206.0,Sunny & Spacious room- South End
42.33118,-71.0535,206.0,Private room in South Boston
42.36718,-71.05657,206.0,North End Furnished Condo!
42.27947,-71.15314,650.0,The 1880 House: Historic Single Family Victorian!
42.34626,-71.09049,307.0,Boston Brownstone
42.32647,-71.09557,201.0,Wonderful Boston apartment Sunny & Newly renovated
42.35184,-71.06003,269.0,Sleek 1 Bedroom in Boston's Financial District
42.27644,-71.07681,100.0,Mahar family room
42.32068245245338,-71.11429829676271,99.0,"Elegant room, colorful artist home"
42.3529,-71.05992,377.0,Luxury 2 Bedroom Steps from Rose Kennedy Greenway
42.30536,-71.07221,39.0,Clean Large Room near Redline/Rail Peaceful Area
42.38187,-71.07734,190.0,3 bed apt next to T- fast wifi-off street parking
42.32818,-71.05512,206.0,"Andrew Sq, South Boston - Modern Condo"
42.25979,-71.15911,150.0,5-Bed Apartment w/ Kitchen + Free Parking
42.33074,-71.10697,206.0,Boston bedroom near Fenway
42.38362,-71.07863,64.0,3 min to T stop-Boston/Somerville/Cambridge access
42.34353,-71.08998,206.0,"47 Symphony Road, Apt 501"
42.34712,-71.1039,206.0,Sunny Studio at Fenway
42.38061,-71.06905,206.0,Ideal for Families - Spacious Charlestown Townhome
42.34636,-71.15563,44.0,Spacious loft in the quiet suburbs #4
42.3665,-71.05428,130.0,"Walk to MGH-Subway, stay in Boston's Little Italy"
42.34777,-71.08493,202.0,Bostons Best Rentals -Back Bay on Commonwealth Ave
42.36104,-71.07129,110.0,Cobblestone Way on Beacon Hill-walk to MGH Subway
42.3607893097541,-71.12973670176841,70.0,new remodel bedroom
42.30536,-71.07221,50.0,Small Room Renovated House Walk/Bus to Redline
42.31676,-71.08,39.0,Off-St. Parking Large Room Clean Renovated House
42.30536,-71.07221,39.0,Renovated House near Subway/Rail Everything New
42.35964,-71.06967,206.0,Sunny and renovated 2 BDR in Beacon Hill
42.30536,-71.07221,39.0,"Walk/Bus to Redline/Rail stations, Private Balcony"
42.31837,-71.09037,37.0,Comfortable quite room.
42.31676,-71.08,206.0,EZ to Downtown/Longwood Off-St Parking Renovated
42.33234,-71.04269,206.0,Spacious One bedroom in South Boston's East side
42.34347,-71.07368,166.0,Montgomery Place - Studio (Room 6)
42.34347,-71.07368,158.0,Montgomery Place - One Bedroom
42.35523,-71.07589,206.0,Back Bay Apt - Close and Convenient to Everywhere
42.37611,-71.03578,143.0,“Boston/Airport/Conv.Ctr/Historic/TD/Faneuil/Nrth”
42.36946,-71.03422,206.0,East Boston Student Sublet $800/month
42.31676,-71.08,36.0,"Small Room, Off-St. Parking, AC, Renovated Clean"
42.34382,-71.07368,206.0,Montgomery Place - Parlor Room (Room 2)
42.30536,-71.07221,35.0,"Small Room near Redline & Commuter Rail, Renovated"
42.26145,-71.11662,124.0,~*30min to Downtown*~ THE COSMOPOLITAN
42.32445,-71.05828,206.0,A Very Large Room - Lt Green Room
42.34923,-71.05648,206.0,"Large, modern 2br, 2ba renovated 6/16 with patio"
42.34131,-71.05361,206.0,"Open, light-filled condo in South Boston/South End"
42.30536,-71.07221,39.0,Near Redline & Commuter Rail Renovated Clean Sunny
42.32248,-71.0806,206.0,Marie's Pied a Terre
42.36187,-71.06837,206.0,1 Bedroom in Beacon Hill
42.31642,-71.10672,131.0,Sunny studio in JP!
42.38199,-71.07675,60.0,Room w/fast wifi-next to T stop 10 min to downtown
42.30003,-71.0788,199.0,Beautiful and Cozy Entire Apt in Boston
42.23627,-71.12898,206.0,Bright and very spacious private room
42.38421,-71.07057,206.0,TWO FLOOR CONDO W/ PRIVATE DECK & ROOF DECK
42.34042,-71.08363,523.0,Beautiful Boston Brownstone
42.35948,-71.06747,98.0,Charming Beacon Hill One Bedroom
42.364253,-71.052626,1024.0,Gorgeous Huge Duplex 3 baths sleeps 6  Parking
42.31316,-71.11279,227.0,"2 BR | 1 BA  Close to DWTN & Medical, Free PRKG"
42.32143081705176,-71.11275148532205,99.0,Twins in a peaceful room.
42.27486,-71.077,95.0,# friendly family home
42.33959,-71.07446,206.0,One Month in a Shared Loft Apartment
42.30762,-71.10968,159.0,Tranquil Treetop Loft
42.32318,-71.11394,206.0,"3rd floor condo, 2 bedrooms, 2 decks"
42.36151,-71.12658,94.0,King Zen Room near Harvard Biz School - STR383892
42.33194,-71.04729,338.0,Cozy Condo in Center of Southie
42.36704,-71.05376,501.0,North End 2 BR | 1 BA Duplex in Little Italy
42.36196,-71.12754,206.0,Serenity Room near Harvard Square
42.27441,-71.0772,206.0,Blue Family  bedroom
42.36845,-71.05356,206.0,1 Bedroom in prime North End
42.34396,-71.15144,206.0,"Friendly Single Bed near Harvard, BU & BC"
42.30555,-71.0723,39.0,Renovated near Redline/Commuter Rail 4 Harvard MIT
42.29463,-71.1158,206.0,Awesome Room near T
42.3165,-71.09535,44.0,Huge bed  and high ceiling room plus two closets.
42.32429,-71.05862,206.0,Andrew Sq Room Close to T&Shops 2
42.31700134277344,-71.10931396484375,158.0,"Fully-Equipped, Private 1st Floor 1-Bed/1-Bath Apt"
42.317012786865234,-71.10931396484375,192.0,Fully-Equipped 2nd Floor 1-Bed 1-Bath Apt
42.27554,-71.07091,307.0,SPACIOUS TOWNHOUSE with Essential Amenities
42.30208,-71.07005,40.0,Economical & Accessible Room w/ Airbed Near T!
42.31765,-71.10049,119.0,"Charming room, in hip JP near The T  #2"
42.27345,-71.07251,60.0,Stay with Fun Family ( twin size bed)
42.33339,-71.05317,946.0,Modern 3.5 BR Single Family Home
42.30426,-71.07147,48.0,Fair & Cozy Room with Airbed!
42.34338,-71.06874,358.0,"Victorian Charm, Modern Style w/Private Entrance"
42.25302,-71.11591,65.0,"Mt Restmore, COZY spacious and Clean"
42.348731994628906,-71.06843566894531,435.0,Historic townhouse in the heart of Boston
42.31689,-71.10005,206.0,"Charming room, in hip JP near The T  #1"
42.33034,-71.05802,68.0,"Large room, 2nd floor, wood floor, 27 Dexter Str."
42.37018,-71.06109,336.0,"Rozinante - Queen, Harbor View"
42.33631,-71.04961,206.0,Spacious Private Room in Southie.
42.30755,-71.04739,97.0,219 on the Ocean with Private Bath
42.3713,-71.06154,253.0,"""Casita"" on the Water - Harbor View"
42.37216,-71.05937,253.0,"""Port"" View - Queen Ensuite"
42.37006,-71.06159,336.0,Inn the Moment - Harbor View
42.35086,-71.05901,206.0,LUXURY APARTMENT IN THE HEART OF DOWNTOWN BOSTON
42.34124,-71.15811,164.0,Washer+Dryer+Parking!*Private suite*Cul de sac*
42.3782,-71.06498,206.0,Spacious & Elegant Charlestown Condo Near Downtown
42.33594,-71.07578,189.0,"Boston South End Penthouse
Loft & Roof Deck"
42.3243,-71.07328,72.0,Cozy private  room
42.30974,-71.10798,179.0,Historic JP Brownstone with Parking. Pets Welcome!
42.3575,-71.07138,392.0,BEAUTIFUL BEACON HILL 2 BEDROOM!
42.31313,-71.09335,39.0,Renovated House Clean Room near Orange line & Park
42.34815,-71.06811,206.0,Sunny 1-bed apt in central Boston's Bay Village
42.3094,-71.04672,125.0,Savin Hill by the Sea with Private Bath
42.37814,-71.03272,92.0,Charming Oasis Near Downtown & Airport
42.34887,-71.06924,206.0,"Spectacular 1 Bedroom Condo, Walkable  to Anywhere"
42.33385,-71.04569,163.0,Spacious guest suite on Dorchester Heights
42.31313,-71.09335,39.0,"Renovated Clean house, Orange Line, EZ to Longwood"
42.30918,-71.04643,97.0,Large Private room in Savin Hill
42.3533,-71.12833,162.0,"Charming and sunny 1 Bed Apt. - Allston, Boston"
42.35027,-71.06853,645.0,Lrg 4 Bdrm Prvt. Patio Quiet Top Location Parking
42.36524,-71.0308,206.0,Family Home Near Downtown + Beautiful Harbor Views
42.34773,-71.09399,206.0,Single room across from Fenway Park
42.35125,-71.08667,500.0,Back Bay Condo on Marlborough Street!
42.28,-71.06983,141.0,"Upscale 2 Bdrm Suite: Kitchen, Spa Bath, Laundry"
42.31764,-71.10922,399.0,Victorian Treetop Apartment - Close to Everything!
42.3587157,-71.1326206,644.0,Sparkling Condo With Modern Amenities
42.34497,-71.10001,206.0,"Luxury, Comfortable Apartment in Fenway"
42.37294,-71.06478,149.0,Charming Charlestown Condo (Dog Friendly)!
42.35346,-71.07693,206.0,Cozy lofted studio on Beacon St in Back Bay!
42.29181,-71.05264,205.0,Clean & Spacious 2 bedroom Near Downtown
42.35457,-71.13293,250.0,Artist Luxury Apt in Boston Free Park & Walk to T
42.34245,-71.09021,206.0,Super nice room for renting locate at city center
42.26145553588867,-71.11660766601562,120.0,~*Pet Friendly 30min to Downtown*~ THE BOSTONIAN
42.38185,-71.07693,85.0,Garden room next to T stop/bus hub.
42.27486,-71.13495,160.0,Roslindale deleaded apt flr1  sleeps 4 apt w/ a.c
42.33905,-71.04792,206.0,1 bedroom/studio in southie
42.38379,-71.0783,133.0,2 beds Garden Apt-calm oasis next to T stop -3 min
42.2355,-71.13134,107.0,3bd 2 bath Boston  w/parking and office
42.32676,-71.09364,75.0,Modern Brownstone - walk to Longwood Medical Area!
42.3076,-71.06542,65.0,#104 Boston 独立房 全楼禁烟AC room
42.28732,-71.06625,66.0,Quiet & Perfect Location Near The Red Line!
42.35349,-71.07595,170.0,"Stylish, Best Location Back Bay Studio!"
42.34212,-71.14379,206.0,Spacious sunny 2 bedroom on public transit
42.38191,-71.07865,60.0,Large bedroom- easy access to Boston and Cambridge
42.34924,-71.13915,206.0,Cozy Room in Allston/Brighton
42.38183,-71.07888,78.0,Next to T stop-10 min to downtown Boston/Cambridge
42.31341,-71.09356,39.0,"Renovated, Clean, Quiet & Safe Near Orange Line"
42.28612,-71.06625,206.0,Comfortable 1 BR steps from public transportation
42.32431553924685,-71.09195369415323,106.0,"Charming, Quiet Fort Hill One-Bedroom"
42.38366,-71.0786,64.0,Bedroom in large apartment-access to Boston/Camb.
42.30775,-71.0651,62.0,#103 Boston private AC room 可讲国语禁止吸烟
42.30745,-71.11043,180.0,Maria's JP Rental - Boston Duplex in Jamaica Plain
42.30391,-71.11777,206.0,Luxury Treetop Jamaica Plain Arboretum Townhouse
42.34922,-71.13892,206.0,馨绯的家
42.33509,-71.0288,234.0,South Boston. Minutes away from Convention Center
42.32036,-71.10403,206.0,1st Flr 2BR unit with parking + steps from train
42.29506,-71.15325,500.0,Quiet stay in a Brookline Village
42.3237,-71.09514,304.0,A Victorian Secret AMAZING apt.  in Historic Home
42.27646,-71.1348,66.0,L.R Roslindale 1st floor queen bed & window a.c
42.35137,-71.05871,257.0,Chic 1 bed in Financial District
42.31057,-71.06361,480.0,Boston retreat near Train DowntownFenway  Freeprk
42.31313,-71.09335,39.0,Renovated House Clean room
42.30042,-71.0642,206.0,Reasonable  Place for your stay near the T Lines!
42.30042,-71.06435,45.0,Right location & Private Room w/ Airbed Near T!
42.34547,-71.07481,206.0,Perfect Location/Copley Square/South End
42.30817,-71.11114,206.0,Beautifully renovated apartment in the trees
42.31341,-71.09358,39.0,Renovated Clean Quiet House near Orange line
42.32446,-71.05814,206.0,Andrew Sq Teal Room Close to T & Shops
42.28499,-71.06211,115.0,"Entire floor, private bath, 2 mins walk to subway"
42.31299,-71.11876,241.0,Private & serene getaway in beautiful JP
42.34566,-71.07433,338.0,S End/B Bay border! Copley Location- Perfect 1 Br
42.32852,-71.09581,153.0,Room for up to 4 in Updated 1 BR apt by T!
42.34903,-71.062,280.0,"NEW 2nd Floor, 2BR Downtown Boston"
42.3503,-71.06037,317.0,"NEW 3rd Floor, 2BR Downtown Boston"
42.34835,-71.06039,145.0,NEW B 1BR Downtown Boston
42.34351,-71.06889,453.0,Charming South End Duplex (Pets Ok)
42.34986,-71.06197,180.0,"NEW 1st Floor, 1BR Downtown Boston"
42.34651,-71.08957,130.0,Fenway/Back Bay Luxury Apt-
42.33944,-71.07532,206.0,⍟ Lofty South End Penthouse w/Street Parking! ⍟
42.33959,-71.08015,236.0,Charming South-End condo with large outdoor patio
42.38376,-71.07707,66.0,Private room-10 min to downtown15 min to Cambridge
42.3295,-71.08817,140.0,"Sleek, Stylish Place | near South End"
42.30656,-71.07173,40.0,Great Location for your stay!
42.3294961,-71.0881648,430.0,Refined Oasis | near South End
42.31333,-71.09339,55.0,Huge rm Renovated Clean Subway Safe neighborhood
42.3512284185588,-71.08858946710825,156.0,Back Bay Cozy Studio In Brownstone first floor
42.36393,-71.05223,130.0,North End Luxurious One Bedroom Condo up
42.28964,-71.06607,50.0,Suitable & Convenient Private Bedroom Near T!
42.30133,-71.0648,120.0,Great 3 Bdr apartment with Airbeds!
42.32938,-71.11024,83.0,Master Bedroom/Private Bathroom/Mission Hill/JP
42.32807,-71.09557,167.0,Newly Renovated 1 BR close to T & Longwood Med!
42.30752,-71.06525,90.0,#101 Boston New heating AC room 全樓禁烟讲国语
42.34417361700382,-71.07598677488207,161.0,"Heart of Boston- Large Studio, private entrance"
42.31343,-71.09345,39.0,Renovated House Large Bay Windows Near Orange Line
42.37532,-71.05777,347.0,Sunny & spacious 1BR in historic Charlestown
42.34218,-71.079,206.0,South End 2 Bed with Parking x 2
42.32116317572481,-71.05723853260125,61.0,C_Large room easy commute to Boston Downtown
42.34981,-71.08263,230.0,The Pulse of Boston – Newbury St Right Outside!
42.28897,-71.06613,185.0,Sunny Boston Apartment
42.35294,-71.13978,189.0,Twin Beds near Harvard Stadium/BU
42.34133,-71.14605,171.0,"Steps to public transport, Boston Coll, Roof Deck"
42.35395,-71.16776,110.0,The Tower Room at TPH - Boston
42.31337,-71.09339,39.0,Near Orange Line Renovated Clean AC Easy Parking
42.3196,-71.1044,206.0,"Cozy, comfortable, and convenient."
42.35318,-71.07904,196.0,Newly Remodeled Studio in Back Bay - River View
42.29189,-71.0574,71.0,"M&R - Private Bdrm Living Room, Bathroom & Parking"
42.35553,-71.05674,206.0,FLEXIBLE LEASES Downtown 4 Beds  2 Bath Boston
42.31737,-71.09498,50.0,"Spacious, stylish, modern apartment on Orange Line"
42.34534,-71.04232,206.0,Flats on D. Great Place to have fun.
42.35782,-71.06975,206.0,Clean upscale apt and location
42.29402,-71.06196,91.0,"◇Cape Cod Suite, with Private Bath ◇"
42.28266,-71.05867,206.0,No longer available
42.39031,-71.00178,55.0,Logan Intl Airport - Boston I
42.38917,-71.00362,55.0,Boston - Logan Intl Airport III
42.34125,-71.06522,206.0,Artist's loft in the South End
42.29486,-71.15989,113.0,Spacious pet friendly 1BD APT w/ Devoted Entrance.
42.27801,-71.13446,110.0,Unwind from Boston in Comfy/Spacious PrivateRm
42.35418,-71.16776,116.0,The Sunset Room at TPH - Boston
42.35401,-71.16776,129.0,The King's Room at TPH - Boston
42.35401,-71.16776,120.0,The Pistachio Room at TPH - Boston
42.35457,-71.16684,134.0,The In & Out Room at TPH - Boston
42.3165,-71.09563,45.0,"Stylish, modern duplex near Orange Line, Downtown"
42.32458,-71.05999,206.0,Andrew Sq - Cozy Quiet Room
42.30742,-71.06513,55.0,#B204 New AC & Heating Boston private room
42.34867,-71.0435,206.0,Trendy 1 bed in luxury seaport building
42.37957,-71.04049,206.0,Big newly renovated 2 bedroom condo in East Boston
42.30308,-71.13398,627.0,"Large, sunny hilltop home, nature lovers' paradise"
42.32424,-71.10748,104.0,Private Room in very spacious JP House.( Lilac Rm)
42.32455,-71.10781,125.0,"Comfortable, Private Suite, conveniently located"
42.29366,-71.06422,96.0,"◇Cozy Townhouse Suite, with Private Bath ◇"
42.31343,-71.05495,85.0,Private Room 3 Min Walk to Savin Hill Subway Stop
42.37579,-71.04981,184.0,Fun Houseboat
42.34676,-71.08989,206.0,Comfortable & Convenient ( Centrally Located).
42.30676,-71.11278,206.0,Clean spacious modern 2BR JP condo
42.31343,-71.0935,39.0,"Renovated House, Sunny & Clean room, New Window AC"
42.3798,-71.0347,242.0,Boston Country Landing / Airport & Train 3Bed
42.38832,-71.00145,55.0,Logan Intl Airport - Boston II
42.35956,-71.07184,206.0,"Beacon Hill, J. Miller Flats - Studio Flat #9"
42.36645,-71.0298,223.0,Family Home + Near Downtown + Cool Backyard!
42.34037,-71.08871,206.0,Cozy and Convenient ( Great Location)
42.33209,-71.1015,119.0,Large clean private room close to downtown
42.35272,-71.1643,206.0,Light and cozy private room
42.27971662193148,-71.16043239547865,84.0,Boston step a train&bus  beautiful house
42.29031,-71.06681,120.0,Classic New England apartment on MBTA Red line
42.35397,-71.16775,131.0,The Sanctuary Room at TPH - Boston
42.31387,-71.10864,111.0,Quirky studio in Jamaica Plain
42.3494,-71.09566,127.0,"Free Parking at 1 Bed Basement Apt, Near BU & MIT"
42.35145,-71.06461,144.0,COZY THEATRE DISTRICT STUDIO NEAR BOSTON COMMON
42.32282,-71.08615,50.0,Nice clean room to stay
42.38138,-71.02312,75.0,Shelly's Bunk Room
42.36538,-71.05861,206.0,Diana North End
42.3075,-71.06533,54.0,#203 Boston Female only Queen Bed全楼 禁烟
42.30792,-71.06513,80.0,#202 Boston private AC Queen BR 全楼禁烟 female
42.35734,-71.07094,206.0,Penthouse suite in historic Beacon Hill
42.30754,-71.06525,51.0,#204 Boston private Central AC 禁烟 Female only
42.33016,-71.09527,558.0,*Modern City Triplex!! *Close to Center
42.34728,-71.07585,228.0,"Cozy, Bright Studio in Back Bay/South End"
42.34096,-71.09928,206.0,Cozy studio in Fenway
42.35095,-71.09009,184.0,Back Bay Apartment near MIT and Newbury Street
42.32422,-71.09616,165.0,Loft Style 1 Mile from Downtown Boston Brownstone.
42.32478,-71.10587,206.0,"Private Studio on top floor, (yellow tulip room)"
42.37808,-71.04042,206.0,Newly Renovated Private Bedroom Close to  Airport
42.31947,-71.05538,393.0,Beautiful condo with city benefits
42.35966,-71.06538,90.0,Cozy Room in Beacon Hill/MIT/MGH! (Room A)
42.36019,-71.064,88.0,Cozy Room in the Heart of Boston (MGH/Downtown)
42.34631,-71.07188,400.0,Great South End / Back Bay location! 1 bed condo
42.30427,-71.06056,200.0,"Bright and Spacious 3 BedR., 1 bath"
42.37833,-71.04052,206.0,Large Private Bedroom Close to Airport
42.3077,-71.06489,206.0,"#205 Boston Private Room 双床 ( females, or couple)"
42.31808,-71.10706,137.0,EXTENDED STAY. VERY QUIET. SPACIOUS. NEXT TO TRAIN
42.32602,-71.10434,61.0,Private room in Jamaica Plain condominium.
42.33927,-71.05215,206.0,Private Suite in South Boston | Convenient to BCEC
42.33836,-71.14954,206.0,Sunny Private Room in Beautiful Chestnut hill
42.26724,-71.10521,80.0,Your Other Home in a Different Town
42.3487,-71.13436,206.0,Very cool place in a very cool location.
42.33505,-71.10036,206.0,Good place for hangout
42.34025,-71.14953,206.0,Sunny Private Room in Chestnut hill
42.35236,-71.05979,206.0,The Moontower Apartment
42.2765,-71.07733,86.0,Friendly family single room
42.27975,-71.12545,98.0,Comfort and convenience in a Victorian home
42.30945,-71.06212,689.0,Chic Retreat min2 Downtown Backyard FreePrkg
42.34867,-71.13103,206.0,Feel at home in a good vibes place.
42.264,-71.15166,206.0,West Roxbury private room
42.31016,-71.05332,206.0,Lower level private room and bath in Savin Hill
42.2721,-71.1081,75.0,Nice  Room. Walking distance to new train Station
42.30615,-71.11674,107.0,Ann and Esther's Cozy Studio near the Heart of JP
42.34737,-71.1033,161.0,Gorgeous Audubon Circle Studios (2)
42.34132,-71.08615,242.0,Symphony Place
42.36611,-71.05914,206.0,"North End, TD Garden, North Sta, Govt Ctr, Hanover"
42.38188,-71.06486,206.0,Historic 3+ Bedroom Charlestown Townhouse
42.31043,-71.09046,206.0,My Home
42.33041,-71.09317,282.0,"Stylish, Comfortable Luxury | Near T"
42.35872,-71.1423,326.0,3 Bedroom Apartment with Parking
42.35092,-71.09394,65.0,Free Parking 2 Bed 1 Bath Steps from BU/Kenmore
42.27782,-71.13332,100.0,Escape Noisy Boston in Modern/Bright PrivateRoom
42.34614,-71.08673,206.0,Modern 3 Bed - Steps from Prudential #28
42.36101,-71.06874,206.0,One bedroom apartment in Beacon Hill/MGH
42.27076,-71.10598,78.0,Private room.  Very close to new train Station
42.35958,-71.13128,70.0,Single room
42.31139,-71.05494,119.0,Minutes to Downtown Boston
42.30429,-71.07436,66.0,Near the Red & Commuter T lines!
42.29097,-71.06516,206.0,Quick Steps to the Red Line!
42.34971,-71.06862,215.0,Private Deck! Parking for Rent. Heart of Boston.
42.28808,-71.11218,206.0,Cozy quiet private room on T line in Jamaica Plain
42.33451,-71.02731,186.0,History BCEC Cruise Beach Pvt Bath/Entry King Bed
42.33701,-71.0828,206.0,"❤Boston Medical,NU,BU,Berkeley, Hynes, Public T"
42.34315,-71.0989,206.0,4 Beds & 2 Bath ~ Best Location in Downtown Boston
42.34745,-71.14036,125.0,Boston/Brookline Private 1 BR/Bath w/ Free Parking
42.3440581,-71.0700076,443.0,Astonishing 1 Bed South End Boston's Best Location
42.35748,-71.06156,215.0,Beacon Hill Designer Suite with Roof deck
42.35243,-71.07565,130.0,Back Bay Studio on Marlborough St-min 3 months
42.34651,-71.0899,130.0,LUXURY BACK BAY STUDIO NEAR BERKLEY & Northeastern
42.36048,-71.06898,130.0,"APRIL- Discounted-Beacon Hill-walk to MGH, subway."
42.35123,-71.15157,206.0,North End one bedroom in Boston's Little Italy
42.33623,-71.05418,206.0,Minion? *Family*Tourist/Convention/Subway 130-1
42.29093,-71.06551,206.0,Spacious for Friendly Female Roommates all utility
42.34979,-71.08262,180.0,Newbury St Vibes - The Best of Boston Right Here#9
42.35532,-71.16481,195.0,Super Convenient 3BR 2Bath Renovated Sleeps 8
42.31977,-71.09202,79.0,Entire 1-bedroom Apartment Near Downtown/Longwood
42.34351,-71.15211,308.0,"Clean, spacious condo just steps from the MBTA"
42.35863,-71.1243,206.0,1 Bedroom near Harvard Business School.
42.35144,-71.08725,202.0,"Back Bay studio- Close to Northeastern, colleges.."
42.27415,-71.08912,206.0,Richmond's Cozy Colonial near Lower Mills
42.31974,-71.05734,206.0,Angel’s room in Boston
42.36441,-71.0686,110.0,"Private High-Rise, River-View Bedroom by MGH/MEEI"
42.38119,-71.02831,206.0,Alex's House
42.29286,-71.07486,175.0,Angela’s Comfy 1BR
42.35078,-71.08389,130.0,BACK BAY ONE BEDROOM ON COMMONWEALTH AVE-MONTHLY
42.29121,-71.06763,140.0,Ideal 3 BDR to stay by the Red Line!
42.31345,-71.05631,176.0,Large apartment for up to 8 ppl/1st floor
42.31345,-71.05631,180.0,Large apartment for up to 8 ppl/2nd floor
42.31345,-71.05631,187.0,Large apartment for up to 8 ppl/3rd floor
42.36571,-71.05065,202.0,"WaterfrontM (North End)-MGH, SUBWAY, RESTAURANTS"
42.34956359863281,-71.08756256103516,1500.0,Beautiful Back Bay Duplex rental
42.38356,-71.07874,52.0,Comfy room 3 min to T stop-easy access to Boston
42.30493,-71.11555,206.0,Sun filled modern clean master suite & bath
42.3058984,-71.12495179999999,209.0,Now availJamaica Plain & Arboretum 20min toBoston
42.3525,-71.04803,206.0,Seaport Brick and Beam 1 bed.
42.38041,-71.03189,130.0,Eastie Cozy Retreat - Chic & Large Priv Bedroom
42.35448,-71.14723,206.0,"Cozy, colorful, comfy 2BDR Duplex apartm in Boston"
42.33451,-71.02731,193.0,Boston King BCEC Beach Cruise- PVT Bath/Entry
42.33712,-71.03903,387.0,"3 BR Private Family Home, S. Boston/Seaport/BCEC"
42.37855,-71.03157,130.0,Modern & Bright-Great Location-Mins to Logan
42.37874,-71.03119,132.0,"Spacious, Modern & Comfy East Boston Hidden Gem"
42.31094,-71.12824,206.0,"Private Suite Near Jamaica Pond, sleeps 4!"
42.35718,-71.1568,50.0,"Brighton, MA Guesthouse for rent, Unit 1 (2nd Fl)"
42.34291,-71.07848,200.0,The Boston Christopher Grand Studio Suite
42.34291,-71.07848,200.0,The Boston Christopher Grand Studio Suite
42.34291,-71.07848,150.0,The Boston Christopher Grand Studio Suite
42.28497,-71.13567,64.0,Comfy Den w/ Bath in Rozzie - females only
42.34245,-71.1489,206.0,a spacious room with a safe neighborhood
42.34167,-71.07539,182.0,Stunning South End Loft! Walk to Restaurants
42.28788,-71.11953,71.0,1 spacious bedroom in a new house/Condo in Boston
42.35872,-71.14229,153.0,The Harvard Room conveniently near BC & Harvard
42.34881,-71.13343,206.0,Modern Condo 2BR 1.5B Indoor Parking
42.35872,-71.14229,149.0,Boston College Room conveniently near Harvard & BC
42.37154,-71.03688,160.0,Stylish garden level studio with a private patio
42.38383,-71.0346,149.0,"Beautiful private place, 4 min fr T, 5 min airport"
42.34425,-71.08563,206.0,NEW Lux Modern Apartment on Clearway st #38
42.34628,-71.08664,206.0,New 2 Bed Modern Apartment in Downtown Boston #14
42.34437,-71.08669,206.0,2 Bed - Modern - Clean living space Prudential #16
42.34329,-71.05481,206.0,Small one bedroom apartment in downtown boston
42.35499,-71.13678,206.0,Allston central private room
42.31734,-71.11375,200.0,"Furnished, 3 br apt in Jamaica Plain - a true gem!"
42.37327,-71.05859,206.0,Single family home on historic Winthrop Square.
42.36558532714844,-71.06755065917969,108.0,"High-Rise, River Views, Doorman Condo by MGH/MEE"
42.33837,-71.10728,206.0,"Clean, cozy, and close to everything!"
42.34597,-71.08426,206.0,Modern-Boston Center-2 Bed Next to Prudential #40
42.36525,-71.05702,261.0,Luxury 2BR Penthouse in heart of Boston North End
42.31793,-71.09182,49.0,"Comfortable queen bed, high ceiling Room."
42.34942,-71.08831,130.0,The Brownstone Nook  -in Prestigious Back Bay Area
42.36551,-71.05513,277.0,Large 1-Bed. Condo in the Heart of the North End
42.38856,-71.00168,55.0,Boston - Logan Intl Airport I
42.33946,-71.10767,206.0,"Clean, cozy, and conveniently located!"
42.3643198,-71.068221,523.0,Lrge 2 Bed/Bath by MGH | Modern Bldg | Safe Area
42.352093,-71.06081,206.0,Cozy Boston Studio in FIDI | Downtown
42.3645578,-71.0692521,320.0,Large 1BD Apt by MGH | Modern Bldg I Quite | Safe
42.352093,-71.06081,206.0,Luxe 2BR in Theater District | Walk Everywhere
42.352093,-71.06081,206.0,Explore Boston! FIDI 1BR nr Bus & T stop
42.3432,-71.07848,180.0,The Boston Christopher One Bedroom
42.3432,-71.07846,172.0,The Boston Christopher One Bedroom
42.3431,-71.07848,206.0,The Boston Christopher Studio Suite
42.33031,-71.09377,80.0,Charming Boston Condo - 5 Stars & Superhost!
42.31745,-71.09222,39.0,"Comfy, quite room with all you need."
42.31776,-71.08999,45.0,Private room with Queen bed and two closets.
42.35209,-71.06081,206.0,Studio Stay | Steps to Chinatown & Boston T
42.352093,-71.060806,206.0,Charming FIDI Studio | Heart of Boston Downtown
42.352093,-71.060806,206.0,Sleek Studio Retreat | Near Arts & Dining
42.34687,-71.10553,206.0,Sunny Studio in the Heart of Fenway
42.3501,-71.04293,206.0,Luxury 2 Bedrooms Apartment
42.3814,-71.03251,206.0,Private room close to public transportation
42.32564,-71.09406,49.0,Fort Hill Top - 1Fr - Guest Rm Jamaica Plain/Roxb
42.36624,-71.05741,206.0,"Comfy, cozy and perfect location."
42.3611,-71.06191,206.0,"Small furnished space, great location."
42.36595,-71.05406,269.0,"Cozy, Modern & Central 1 bed close to waterfront."
42.37926,-71.06328,206.0,Single Family in Historic Charlestown
42.265997156370055,-71.1099542179841,196.0,Lovely 2 bedroom apartment in Boston
42.35223,-71.06427,206.0,Chill & Cozy Apt Dwntwn/TheatreDst/Chnatwn/BckBay
42.34489,-71.09692,170.0,Awesome condo in Fenway
42.30949,-71.06576,206.0,#102 Boston private AC BR 全楼禁烟厨具齐全适長住
42.34482,-71.08629,206.0,Charming 3 Bed  Near hynes convention center #40
42.34478,-71.08427,206.0,Luxury - 3 Bed - Next to Prudential #44
42.31602,-71.05477,206.0,Basic living for short term stay in Boston
42.35385,-71.07447,209.0,Luxurious Back Bay Studio
42.3654,-71.03949,206.0,Cozy Studio in East Boston 2120
42.28996,-71.1459,351.0,The Red Door Carriage House
42.35317,-71.05421,206.0,Evolve Wharf
42.31611,-71.0921,206.0,Very comfy room with all you need and more.
42.37648,-71.06444,370.0,Luxe Historic Elegance Overlooking Thompson Square
42.36397,-71.0692,258.0,Quite 1 Bd Apt by Massachusetts General Hospital
42.33935,-71.07489,206.0,Adorable South End/Back Bay Basement Apartment
42.28787,-71.06662,51.0,Short Walk to T!
42.28787,-71.06692,130.0,Lovely 3 Bedroom Apartment by the Red Line!
42.28853,-71.06631,52.0,Private Room & Great Location by the Red Line!
42.28816,-71.06655,43.0,3 Minutes Walk to the Red Line!
42.34492,-71.08872,116.0,Fully Furnished 2 Bedroom in Boston near Berklee
42.30441,-71.06202,143.0,Victorian 3rd Floor Unit
42.31125,-71.05151,206.0,A room
42.31002,-71.05201,206.0,C room
42.31163,-71.05311,206.0,D room
42.35125,-71.08101,206.0,LARGE studio in heart of Back Bay Marathon closeby
42.35309,-71.12907,206.0,"Boston Beautiful, Large yet cozy and modern"
42.35136,-71.08851,198.0,Back Bay Apt on Marlborough St (Hereford St block)
42.28471,-71.12891,135.0,"Rusty's 1st Floor Queen Bedroom, Private Bath"
42.28471,-71.12891,133.0,"Rusty's 2nd Floor Double Bedroom, Shared Bath"
42.29909,-71.11593,206.0,Private Home
42.27467,-71.07362,250.0,Boston's Best Vacation Home
42.30537,-71.11748,206.0,Eclectic 2 bd. apt in Victorian artist home.
42.36547,-71.05492,130.0,"North End 1 Bedroom- CLOSE MGH, Subway, Hanover St"
42.35051,-71.05964,206.0,Great 1BR in the Heart of Downtown Boston
42.36026,-71.07003,130.0,Beacon Hill Studio - 2 min Walk to MGH-Subway-
42.28471,-71.12891,123.0,"Rusty's 2nd Floor Queen Bedroom, Shared Bath"
42.27719,-71.1295,206.0,Comfortable Place in Roslindale
42.31069,-71.10282,265.0,comfortable and cozy
42.27586,-71.08746,206.0,Cozy Colonial (entire home) near Lower Mills
42.29523,-71.06828,110.0,Melville Park Penthouse
42.38217363415144,-71.07929663572756,815.0,Top of the World
42.3645578,-71.0692521,528.0,Sunny 2Bed Apt River View By Mass General Hospital
42.33068,-71.05393,415.0,"Beautiful, spacious South Boston Condo, Near T"
42.27555,-71.07597,95.0,Yellow Quiet room
42.29836,-71.11046,206.0,Entire Home in JP! Perfect for families!
42.33097,-71.10023,99.0,Clean room near Longwood
42.27549,-71.16821,206.0,Convenient Transportation Suburb Boston Room
42.33091,-71.10255,109.0,Spacious sun-filled room near Longwood
42.33206,-71.10185,139.0,Sunny large room with views and private bath
42.28471,-71.12891,216.0,Rusty's 2 Bedrooms with Shared Bath and Half-Bath
42.34448,-71.07636,127.0,"Stylish Downtown Studio in the SouthEnd, C.Ave# 24"
42.29015,-71.0684,40.0,"Perfect Location, only 3 min WALK to RED train"
42.31286,-71.06249,129.0,"Sunny ocean-view suite nr subway w/kitchen, bathr."
42.35583,-71.1568,206.0,"Brighton, MA Guesthouse for rent, Unit 2 (2nd Fl)"
42.31508,-71.10125,131.0,Boston Home Great Location
42.36463,-71.06414,206.0,"Beautiful 2 Bed 2 Bath, River view near TD Garden"
42.38136,-71.0231,206.0,Shelly's Place Cozy
42.35013,-71.08911,207.0,Back Bay Apartment near MIT and Newbury Street - G
42.34124,-71.14755,206.0,Beautiful Private Two Bedroom Apt in Boston
42.27546,-71.16958,86.0,Modern Basement with Convenient Transportation
42.37708,-71.0604,210.0,Luxurious Home in Boston's Historic Charlestown
42.29165,-71.06782,206.0,Perfect Location in an All Female's Floor
42.34481,-71.16844,206.0,"Private room&bath,ctr air,5 min to T,  to downtown"
42.352093,-71.060806,206.0,Prime FIDI 1BR nr Chinatown & T | Boston
42.26493,-71.12262,37.0,"The Small room Aka ""The Affordable room"""
42.36779,-71.03897,100.0,"#3 Maverick MBTA clean, comfy private room"
42.36805,-71.03759,100.0,"#2 Maverick MBTA clean, comfy, private Room"
42.29183,-71.06784,49.0,Newly renovated Female floor Center of Boston
42.31522,-71.11218,206.0,2 sunny guest rooms in 1920s flat amid parks+cafés
42.3499,-71.09545,235.0,"River Location, City Views-Safe, Walkable,Central!"
42.34226,-71.07881,243.0,SouthEnd Penthouse
42.35529,-71.06087,323.0,"Naturally Lit, Modern Loft in Heart of Downtown!"
42.28023,-71.16944,85.0,Comfortable & Convenient in Boston w Free Parking!
42.378841,-71.034821,279.0,Boston The Green Loft
42.34223,-71.06047,206.0,Affluent 3 Bedroom 3 Bath Condo Downtown Boston
42.34533,-71.07118,206.0,Full Condo In Brownstone: Heart of the South End!
42.31122,-71.06178,700.0,Groupstay w/firepit mins2Downtown Fenway FreePrkg
42.32243,-71.05676,66.0,A_Spacious room easy commute to Boston Downtown.
42.3022,-71.10648,137.0,Modern 3BR w/ home office & patio near hospitals
42.29188,-71.12154,206.0,Comfortable and clean  house near Arnold Arboretum
42.36608,-71.04005,206.0,Lovely Executive Studio in East Boston
42.36796,-71.03985,206.0,Studio Apartment at East Pier Near Water
42.36814,-71.0397,206.0,Lovely Studio Apartment at East Pier
42.36841,-71.04055,206.0,Studio Apartment at East Boston Pier Near Water
42.36773,-71.03935,206.0,Accessible Studio Just Miles From Logan Airport
42.36752,-71.04152,206.0,Cozy Studio Apartment at East Pier EB117
42.36792,-71.03991,206.0,Executive Studio in East Boston
42.36639,-71.04036,206.0,Lovely Executive Studio in East Boston EB2-29
42.36789,-71.03986,206.0,Beautiful Executive Studio in East Boston EB2-31
42.35053,-71.09536,265.0,RIVER & CITY VIEWS! LOCATION!  Parking Available+
42.32754,-71.10732,206.0,"Spacious Boston Bedroom, Free Parking, next to T!"
42.36636,-71.05428,130.0,The North End Nook   -Walk to MGH Tufts Subway
42.36783,-71.04183,206.0,Nice Executive Studio in East Boston EB2-33
42.36809,-71.04161,206.0,Wonderful Studio In East Boston EB2-37
42.36626,-71.04025,206.0,Cozy Studio In East Boston EB2-39
42.27808,-71.08717,128.0,Bina’s Home away from Home 3
42.32188,-71.11647,206.0,Spacious room in beautiful apartment
42.33175,-71.04824,200.0,Southie Home | Walk to Beach | with Patio
42.34207,-71.069,148.0,"Classy, Cozy South End Unit"
42.30753,-71.11757,206.0,Separate entrance in-law suite in heart of JP
42.29028,-71.06671,43.0,For students/business Pro Awesome roommate needed
42.30959,-71.0643,206.0,#201 Boston Private small room Female 全楼禁烟
42.34291,-71.07301,337.0,"The Upton - The Upton Boston, South End"
42.38137,-71.02311,79.0,Shelly's Swan Room
42.25038,-71.11733,68.0,Apartment near transit/free parking/self check-in
42.25121,-71.11694,75.0,Entire Apt near transit/free parking/self check-in
42.29027,-71.06673,40.0,COLLEGE STUDENTS are welcome 3 MINS walk to train
42.33738,-71.14883,206.0,2BR Ideally Located Top Floor Brownstone Condo
42.332897,-71.039543,151.0,Southie Gem: Private Room & Bath Near Seaport
42.34637,-71.07145,181.0,Classic Boston Brownstone - Walk to Everything
42.36908,-71.03937,116.0,"#1 Maverick MBTA clean, comfy, private room"
42.352093,-71.060806,206.0,Explore Boston | 1BR Just Steps to Common
42.35945,-71.06551,112.0,Vintage Studio in Beacon Hill. Walk Everywhere
42.32685,-71.09683,261.0,Sunny & Cozy 2 BR Apt in Boston. 15 min to DWTN
42.36044,-71.14057,83.0,Hola Joy  2
42.36015,-71.14233,83.0,Hola Joy 3
42.3208,-71.11296,206.0,Sun filled private room in spacious Boston home.
42.33351,-71.10182,227.0,"2 Bed Apt By Boston Childrens Hosptial, Brigham Hp"
42.35134,-71.13871,115.0,Secluded Tower Home in Bright Castle
42.37346,-71.0404,206.0,Classic Boston:  lovely 1br renovated condo!
42.32489,-71.09417,248.0,Light-Filled Luxury Apartment with View
42.34504,-71.07375,172.0,Perfect Room in the South End for solo adventurer
42.36206,-71.13583,69.0,Furnished room in city with free parking
42.33423,-71.03884,206.0,"Luxury 3bd/2ba Townhouse S. Boston, BCEC, Seaport"
42.35034,-71.0619,197.0,"Downtown Boston, Near South Station Bus Terminal"
42.33541,-71.047,206.0,"3br house in S. Boston, near Seaport,BCEC&downtown"
42.32192,-71.07855,83.0,Alaska Street R53
42.25147,-71.11579,40.0,"Spacious room, near transit, keyless self check-in"
42.25134,-71.11621,38.0,"Room near MBTA transit, Keyless self check-in"
42.270561,-71.1294384,206.0,Entire 2 Bedroom Apartment
42.3643198,-71.068221,513.0,Large 2 Bed/ 2 Bath | Modern Building | Across MGH
42.32003,-71.07826,60.0,Alaska Street R51
42.27658,-71.13304,70.0,Roslindale GB queen bed  lock1st flr
42.27844,-71.08499,128.0,Bina’s Home Away from Home Cozy Master Suite
42.30753,-71.06446,70.0,#B104 Boston Private Two twin BR Central AC
42.27684,-71.0851,101.0,Bina’s Home away from Home 2
42.34121,-71.15163,128.0,Boston guest suite
42.30804,-71.06443,55.0,#B102 Boston Private room Cantal AC 全楼禁烟
42.3645578,-71.0692521,408.0,Large Modern 2 Bed Apt 2 Bath By MGH W/D in Suite
42.27726,-71.08517,125.0,Bina’s Home away from home 6
42.29726,-71.06236,53.0,#B103 Boston Private room Central AC 全楼禁烟
42.27595,-71.07805,206.0,Lower Mills Guest Suite
42.24927,-71.11788,206.0,"Room w/ Private Bathroom, near MBTA transit"
42.29151,-71.06811,206.0,Walk to train Downtown or UMASS BOSTON
42.34627,-71.08412,206.0,Luxury - 3 Bed - Next to Prudential #65
42.34472,-71.08523,206.0,Charming 3 Bed Near Hynes convention center #20
42.36573,-71.05145,192.0,Luxury North End (Waterfront) walk to MGH Subway
42.320481,-71.090593,68.0,La Casa Boheme - Upstairs First Bedroom
42.34992,-71.06943,432.0,"Blueground | Back Bay, gym, nr the common"
42.25086,-71.11469,60.0,"Mount Restwell, Serenity Vicinity"
42.34724,-71.15586,255.0,House in Quiet Area–BC/BU/Harvard/Longwood+Parking
42.30288,-71.0833,206.0,Beautiful apartment in the area of Dorchester
42.35843,-71.14083,78.0,Hola Joy 1
42.32045,-71.07794,69.0,Alaska Street R43
42.29084,-71.07299,206.0,"Big room ,comfortable and clean !room 1"
42.29224,-71.07328,206.0,"Big room ,clean and comfortable .Room 2"
42.32142,-71.08007,72.0,Alaska Street R42
42.336525,-71.054451,276.0,Simple South Boston Stays (entire place)
42.38793,-71.00376,106.0,Special and Breathtaking East Boston studio
42.35099,-71.13657,206.0,2-2 ★ALLSTON★ 3 Mins to Green Line T
42.36038,-71.13024,206.0,1 Bedroom in 4B2B apartment for short stay
42.34718,-71.13543,206.0,Entire Place 2 Bedrooms near BU & BC
42.34962,-71.13461,206.0,1-2 ★ALLSTON★ 3 Mins to Green Line T - Comfortable
42.34561,-71.14017,206.0,"Close to BC and BU, subway nearby!"
42.36203,-71.14292,86.0,Brighton
42.34897,-71.13536,206.0,1-1 ★ALLSTON★ 3 Mins to Green Line T
42.27125,-71.14898,66.0,ROOM B
42.27184,-71.1511,66.0,ROOM A
42.27302,-71.14923,66.0,ROOM C
42.27163,-71.14922,66.0,Room D
42.31883,-71.10693,171.0,Artistic charm in hip J.P.
42.37676,-71.03889,65.0,"Beautiful private place#2 4 min fr T, 5 mt airport"
42.32038,-71.05054,206.0,life in the hub
42.31203,-71.10278,282.0,"Leafy & Tranquil, Artist house. Easy access Boston"
42.31203,-71.10278,208.0,"Skylit Suite in Musical home, easy access Boston"
42.3499,-71.17241,40.0,Carols place in Brighton
42.33176,-71.04427,304.0,Upper Duplex Penthouse with Water View
42.33451,-71.02733,158.0,Paul Revere Suite PVT Entry/BATH QN Bed Sparkling
42.35385,-71.06031,65.0,Downtown Boston Moontower Loft!
42.35198,-71.07777,125.0,Back Bay studio on Marlborough St (91 night min)
42.35803,-71.15106,206.0,Private Bedroom near Brighton Center.
42.35685,-71.0607,206.0,"Luxury 2 bedroom, 2.5 Bathroom, Downtown Boston"
42.31455,-71.09906,139.0,Boston Home Near Downtown
42.3294961,-71.0881648,328.0,Cozy Duplex | Near T
42.3295,-71.08817,239.0,Cozy Apartment | near T
42.35152,-71.08606,272.0,Cozy Back Bay Boston Retreat!
42.34114,-71.04959,439.0,"Blueground | South Boston, fitness center"
42.3544,-71.06039,332.0,Bright & Spacious Loft Steps to the Freedom Trail
42.36629,-71.03919,206.0,Support Local Businesses by Staying with GoLocal!
42.34867,-71.06685,302.0,"Spectacular, luxury Bay Village/Back Bay Condo"
42.35188,-71.15245,71.0,Rose Room/Harvard Business School/free parking早餐方便
42.27852,-71.08658,125.0,Bina’s Home away from home  5
42.32243,-71.08024,206.0,Roxbury living
42.28795,-71.05406,45.0,NONE SMOKING 1:Spacious & clean.SUPER Safe & Quiet
42.35006,-71.07858,342.0,"Charlesmark, boutique hotel room in Copley Square"
42.3225,-71.05734,56.0,H_Sunny room easy commute to Boston Downtown.
42.35398,-71.15464,64.0,Lily Room/Harvard Business School/free parking+早餐
42.35227,-71.15464,67.0,Sunflower Room/Harvard Business School/ Parking+早餐
42.3452,-71.07911,377.0,Copley House Queen Studio
42.31031,-71.1027,466.0,Victorian house comfortable and cozy
42.35006,-71.07858,407.0,"A Boutique Hotel Room in Copley, Charlesmark Hotel"
42.35006,-71.07858,427.0,Queen Size Bed Boutique Hotel @ The Charlesmark
42.35006,-71.07858,442.0,The Charlesmark Hotel Premium Queen Copley Square
42.34458,-71.08019,388.0,Copley House King Studio
42.29379,-71.15963,195.0,"Sleeps 4, comfortable apt. in quiet Boston suburb"
42.30724,-71.06438,51.0,#B201 smaller private Boston
42.29606,-71.11295,53.0,"Bed, Bath and Beyond in Jamaica Plain"
42.2979,-71.1115,48.0,"Bed, Bath and Beyond II in Jamaica Plain"
42.27435,-71.09402,80.0,Karlie’s Place #2
42.34992,-71.06943,375.0,"Blueground | Back Bay, gym, nr the common"
42.348633,-71.074088,488.0,"Blueground | Back Bay, gym, nr newbury st"
42.31436,-71.05746,780.0,Triple Decker Guesthouse for up to 24 guests!
42.36195,-71.13171,206.0,Large Studio Near HBS - Private Entrance / Bath
42.34114,-71.04959,338.0,"Blueground | South Boston, gym & doorman"
42.32663,-71.0935,51.0,Fort Hill top -1Bk Private Room in Brick Townhouse
42.36083,-71.13546,206.0,Sunny Allston Bedroom
42.34129,-71.08766,170.0,"Charming Studio (Fenway, Back Bay, Symphony)"
42.34567,-71.07291,206.0,Luxury Back Bay Downtown Boston NEW CONDO
42.34934,-71.06121,206.0,Luxury apt in the heart of Boston
42.34622,-71.0904,105.0,"BACK BAY walk to Berklee, Northeastern, Newbury St"
42.27654,-71.0775,67.0,Basement room
42.34383,-71.15546,206.0,Spacious  Room  5 min walk to T 10 mins to BC
42.29204115332207,-71.06699075932218,50.0,A minute walk from the Red Line (Shawmut) Room 3
42.28922,-71.06741,161.0,Modern Parkside Greenhome
42.28974,-71.0771,324.0,Cozy 3BR Getaway | Free Parking & Full Amenities!
42.365516,-71.067291,301.0,"Blueground | Beacon Hill, nr state house"
42.34998,-71.07855,338.0,Boutique Hotel Room - Charlesmark Hotel
42.26411,-71.12521,206.0,1 bedroom basement unit
42.2961,-71.11484,39.0,"Bedroom in a sunny, cozy, + colorful JP apartment"
42.36935,-71.03215,206.0,"East Boston- Newly Renovated, Prof. Clean, 1bd Apt"
42.31586,-71.06827,112.0,A bit of France in Boston
42.364968,-71.06887,390.0,"Blueground | Beacon Hill, great views & doorman"
42.30956,-71.06524,56.0,#B101 Boston New Central  AC queen bed 全楼禁烟 厨具齐备
42.30082,-71.08595,129.0,Bright Newly Renovated 1 Bed Near Franklin Park !!
42.29885,-71.10926,206.0,Master Suite: Whole house + Parking in JP
42.33931,-71.15122,108.0,109S8 | The Strathmore 8 w/AC | 1BR 1BA | Private
42.355056736770834,-71.06221200170934,219.0,"Peaceful Retreat In Boston Near T, Easy Commuting!"
42.35505676269531,-71.06221008300781,217.0,Stylish Affordable Downtown Boston Studio!
42.35505676269531,-71.06221008300781,211.0,Near T & Everything You Need!
42.33287,-71.09757,206.0,Wonderful apartment located in the heart of Boston
42.26619,-71.16496,206.0,Quiet getaway in a Boston home
42.34918,-71.093,269.0,Stunning BOSTON BROWNSTONE by interior designer
42.3286575556131,-71.09550790861137,152.0,Modern 1BR - Steps to T
42.32648,-71.09513,206.0,Fresh Studio Close to T - Superhost Manager!
42.3509,-71.12685,206.0,Cozy private room w/ priv. Entrance GREAT LOCATION
42.30461,-71.06636,78.0,Charming Art Filled Victorian w/Gorgeous Bath
42.3607,-71.06916,297.0,Beautiful Beacon Hill Home - Amazing Location!
42.37213,-71.06123,336.0,"SeaClusion- Queen, Harbor View"
42.355056736770834,-71.06221200170934,206.0,"Boston Studio, Ready For Long & Short Stays"
42.34904,-71.07007,113.0,Modern Single Studio at the Heart of Boston!
42.27855,-71.14064,261.0,Quiet Comfort in Boston - Large 2 Bed
42.3207,-71.07824,86.0,Charming 19th Century Boston Home  Private Unit
42.31997,-71.10617,230.0,Beautiful home (5 minutes away from the Train.)
42.29595,-71.06715,129.0,Victorian Boston Home/NO ADDED FEES
42.31507,-71.07504,55.0,Comfort Inn in my home 2nd bedroom
42.34587,-71.08381,206.0,New 2 Bed - Heart of Downtown - Hynes / Prudential
42.28997,-71.11321,126.0,Super Sustainable Studio in the City
42.3498,-71.14951,212.0,"Blueground | Brighton, nr st. elizabeth's hospital"
42.3895263671875,-71.00364685058594,155.0,Master Suite East Boston
42.33931,-71.15122,176.0,109S2 | The Strathmore 2 | 3BR 2B w/AC | Bi-Level
42.34408,-71.15394,206.0,Large Room
42.31638006841045,-71.07288882136345,272.0,Cozy & comfy in-law suite with Boston skyline view
42.35941,-71.14224,206.0,Renovated & Sparkling Clean 3BR Near Harvard Sq
42.31998,-71.10952,206.0,1 SINGLE ROOM-in Shared Decorator's Gorgeous home
42.34688,-71.07353,143.0,4th Floor room 0.5 mile to Marathon finish line
42.309845,-71.063538,2165.0,Large Triplex Backyard near T 4 GroupsBusiness
42.29137,-71.07202,206.0,JETÉ SPACE
42.28983,-71.06703,38.0,Perfect BiG Space for Couples near Red Line
42.31213,-71.05081,206.0,Luxury Condo in Desired Savin Hill - Next to Beach
42.34261,-71.15257,206.0,Large room 2
42.29302,-71.0669,206.0,Penthouse Getaway
42.32385,-71.07626,206.0,"Private, Quiet, Comfy, Clean Apartment in Boston"
42.29461,-71.06739,206.0,Boston Lavish Living
42.348633,-71.074088,350.0,"Blueground | Back Bay, gym, doorman, nr t station"
42.34293,-71.16773,206.0,Quiet Pondside Room Near Boston College
42.28986,-71.06925,88.0,🎖The Boiler Room | Close to Subway + Downtown🎖
42.29111,-71.06451,60.0,Quick Walk to the Red Line!
42.26595,-71.10454,206.0,CAILLOU ESTATES
42.35923,-71.06602,150.0,Beacon Hill Home
42.348633,-71.074088,350.0,"Blueground | Back Bay, gym, doorman, nr t station"
42.35157,-71.14026,130.0,"Spacious Two  Bedroom Apartment Allston, MA."
42.37669,-71.03062,206.0,Private Bedroom & Bath in Brand New Luxury Condo
42.30585,-71.11294,149.0,Printing Press Loft
42.33016,-71.11279,206.0,studio next to E line
42.32232,-71.09491,82.0,*FortHill Special! Clean Comfy & Cozy Guest Suite1
42.32296,-71.09292,94.0,*FortHill Special! Clean Comfy & Cozy Guest Suite3
42.32363,-71.0952,108.0,*FortHill Special! Clean Comfy & Cozy Guest Suite2
42.33863,-71.07155,206.0,"3D south end, sunny room near T/BU Medical"
42.33669,-71.07009,206.0,"3C south end, sunny room w/bath near T/BU Medical"
42.35784,-71.0712,299.0,Gorgeous Beacon Hill 1BR | 1BA
42.33678,-71.06972,206.0,3A BU Medical/NEU sunny cozy room
42.35844,-71.06763,255.0,Stay safe in the heart of Beacon Hill in Boston.
42.31686,-71.05746,197.0,1🎖Gorgeous tastefully modernized  Victorian suite
42.34537,-71.10372,206.0,Fully Furnished 1 Bed Penthouse in Fenway
42.266,-71.16495,802.0,Quiet Room in Boston
42.27919,-71.16149,800.0,Quiet Room in Boston #2
42.35987,-71.06598,111.0,Beacon Hill House | MGH/MIT/Freedom Trail
42.3594063,-71.0674425,299.0,"Blueground | Beacon Hill, nr mass gen hospital"
42.27012,-71.11977,68.0,Cozy Bed Near Forest Hills
42.36004,-71.12818,206.0,"Allston village, Boston University, near Harvard"
42.32239,-71.08039,103.0,Alaska Street R52
42.37007,-71.03829,128.0,The blue room
42.31538,-71.05874,283.0,🎖Massive Victorian 1905 mansion❤️🤍💙go back in time
42.36605,-71.03288,206.0,"King Casper bed, Private Bath, Walk to the Airport"
42.25397,-71.12792,206.0,"Bright & Airy BR- Driveway Parking, Commuter Rail"
42.3527,-71.12302,206.0,Spacious 1 bedroom apartment on commonwealth ave
42.34458,-71.08019,505.0,Copley House 1 Bedroom Suite
42.34458,-71.08019,369.0,Copley House Budget Studio
42.36138,-71.125,168.0,2)BU/Harvard/MIT/pri bath&entrnce/freeprkng/Qn bed
42.34978,-71.05821,286.0,Downtown Loft Boston - Close to everything
42.31471,-71.05136,73.0,"Beautiful, Clean Room close to Train and Downtown"
42.3508,-71.13727,206.0,Cozy bedroom in the middle of Allston
42.3484001159668,-71.06946563720703,119.0,Modern Efficiency Studio Awaits Your Stay!
42.34827,-71.069725,110.0,Just Darling Efficiency Studio Awaits!
42.34827423095703,-71.06961822509766,124.0,Explore Boston From This Central Location
42.34666,-71.07425,179.0,Walk to Copley or Prudential & Historic Locations
42.32078,-71.07481,247.0,"NEW ! Boston Condo Near MBTA, 3 Mi to Fenway! (U2)"
42.3607,-71.12675,140.0,3)MIT-Harvrd-BU-pri bathrm/freeprkng/Queenbed
42.36079,-71.12684,168.0,1)Harvard/MIT/BU/Priv bath&entrnce/freeprkng/Qnbed
42.31096,-71.06337,162.0,Pet-Friendly Top Floor Suite w/ a Deck!
42.31163,-71.06249,90.0,Spacious Boston Bedroom 02
42.34692,-71.07065,206.0,"Staypineapple Boston, Back Bay King"
42.34504,-71.09446,206.0,walking into summer
42.35445,-71.06176,387.0,"The Godfrey Hotel Boston, Double Queen"
42.34692,-71.07065,206.0,"Staypineapple Boston, South End Corner King"
42.35,-71.08718,172.0,Luxury Back Bay studio on Prestigious Marlborough
42.37482,-71.05098,173.0,"Charlestown houseboat, walk to Boston attractions"
42.33738,-71.15112,206.0,Dada’s sweet home in Brookline
42.32899,-71.09594,231.0,Boston Rooftop Retreat
42.30713,-71.10472,411.0,Trendy Glam Oasis | near T
42.36146,-71.07193,897.0,"The Whitney Boston, Classic Double Queen"
42.307125,-71.104721,419.0,Elegant Treetop Retreat | near T
42.33487,-71.04956,171.0,Private Master Suite & Large Livingroom in Boston
42.28767,-71.14229,251.0,"Bright, spacious, home to call home."
42.34152,-71.15477,137.0,"Renovated, Spacious Studio, Near BC, BU, Porch"
42.3765,-71.05067,206.0,Boston Harbor 2 bedroom/2 bath with free parking
42.35723,-71.16381,206.0,"Clean,beautiful room in Brighton -AC and parking ."
42.35031,-71.04704,206.0,Luxury Amenities - Close to Convention Center
42.33735,-71.07565,206.0,Private condo great for work trips
42.38002,-71.04008,206.0,Master bedroom w/ private bath - close to airport
42.35562,-71.16375,206.0,Bright room in an amazing location.AC and parking
42.34669,-71.08975,130.0,Drastic price reduction 6 month rental-IN BACK BAY
42.31583,-71.06822,117.0,Victorian Studio with Kitchenette
42.3138,-71.05331,76.0,Elegant & Clean Room close to Subway and Downtown
42.34114,-71.04959,273.0,"Blueground | S. Boston, gym & doorman, nr t"
42.32469,-71.08392,206.0,"Cute, quiet 2br house near South End"
42.36843,-71.03664,199.0,Luxury Boston Condo
42.34322,-71.084,206.0,Back Bay 1 BR with skyline views from EVERY WINDOW
42.27507,-71.13524,50.0,Private basement guest room in a cozy home
42.33817,-71.04462,206.0,401 W 1st St Unit 403 - OMICRON
42.36583,-71.03089,206.0,"Queen Casper Bed, Private Bath Walk to the Airport"
42.35462,-71.07637,267.0,"Charming Back Bay, Beacon St. Apt. w/ Private Roof"
42.34317,-71.08323,259.0,"Blueground | South End, laundry, nr t stops"
42.36575,-71.05544,206.0,"North End- Newly Renovated, Prof. Clean, 1bd Apt"
42.35473,-71.0622,300.0,LUXURY CONDO BEST LOCATION IN BOSTON
42.34274,-71.15441,206.0,Large room 5 mins walk to green T 10 mins to BC
42.35535,-71.06257,300.0,LUxury condo in downtown Boston best location
42.32523,-71.08734,206.0,Casa de Benny
42.31665,-71.0999,149.0,Boston Studio Near Downtown
42.37845,-71.0635,206.0,"Ideal for Families 2,500 sq ft Charlestown Home"
42.31178,-71.06242,89.0,Comfortable Boston Bedroom 03
42.3129,-71.06285,89.0,Boston Queen Bedroom 204
42.33312,-71.10272,214.0,Room with Private Bath-Brigham Circle/Longwood
42.33431,-71.05429,40.0,Private bedroom in South Boston nr Downtown 130-1A
42.33605,-71.05349,50.0,Private bedroom in South Boston nr Downtown 130-1C
42.34373,-71.08324,207.0,Evon | Back Bay Convention CTR | Cozy Studio S9
42.34317,-71.08323,272.0,"Blueground | S. End, laundry, nr t stops"
42.33931,-71.15122,101.0,109S15 | The Strathmore 15 | 1BR 1B w/AC | Private
42.33786,-71.06915,206.0,Beautiful South End Unit
42.30781,-71.0653,99.0,#B203 private AC full size bed 全楼禁烟Boston
42.30977,-71.06435,59.0,#B202 Private Room Near Umass Boston
42.34101,-71.08103,206.0,Garden Level Oasis (with parking) in The South End
42.32295,-71.09084,515.0,Natural Woods Luxury Condo sound prf/Fitness HEPA.
42.32187,-71.10862,206.0,Lovely place in Jamaica Plain
42.32189,-71.10955,206.0,"Lovely place in Jamaica Plain, Room #1"
42.32194,-71.10799,206.0,"Lovely place in Jamaica Plain, Room #3"
42.32316,-71.1081,206.0,"Lovely place in Jamaica Plain, Room #4"
42.32366,-71.10858,206.0,"Lovely place in Jamaica Plain, Room #5"
42.34237,-71.15418,206.0,Large room 5 mins to greenT 10 mins to BC
42.35106,-71.13502,206.0,1-2 ★ALLSTON★ 3 Mins to Green Line T - Comfortable
42.35072,-71.13462,206.0,1-3 ★ALLSTON★ 3 Mins to Green Line T - Cozy Room
42.34973,-71.1348,206.0,1-4 ★ALLSTON★ 3 Mins to Green Line T - Renovated..
42.35075,-71.1368,206.0,2-1 ★ALLSTON★ 3 Mins to Green Line T - Comfortable
42.34364,-71.07599,210.0,1863 House Bed and  Breakfast M307 Room 2
42.34925,-71.13468,206.0,2-5 ★ALLSTON★ 3 Mins to Green Line T
42.348419,-71.069756,144.0,Modern Efficiency Studio Awaits Your Stay!
42.27502339167658,-71.13507654887017,53.0,Roslindale MB room w/ lock 1st flr queen bed & a.c
42.34317,-71.08323,276.0,"Blueground | S. End, nr shops, restaurants & t"
42.38765,-71.00208,143.0,1 Bed Apartment
42.32021,-71.10979,145.0,Large Private Bedroom in Unique and Spacious Condo
42.36499,-71.05528,206.0,"One If By Land, Two If By Sea... this is the place"
42.35069,-71.06331,206.0,Boston Getaway
42.29331,-71.12254,44.0,Room near MBTA Forest Hills w/ private living room
42.29326,-71.12233,40.0,"Room near MBTA Forest Hills, keyless self check-in"
42.32859,-71.11061,206.0,Jordan Trade Connection
42.348419,-71.069756,144.0,Modern Efficiency Studio Awaits Your Stay!
42.32756,-71.09474,225.0,Beautiful 2 bedroom in historical Fort Hill Boston
42.32365,-71.06864,60.0,Spacious Long Term Private Room Close to Downtown
42.33139,-71.0538,206.0,Sunny luxurious condo- in downtown and near beach
42.32191,-71.07071,57.0,Private Designed Bedroom Long Term by Downtown
42.26181,-71.11513,88.0,Private Trendy modern escape from home
42.35224,-71.14952,206.0,Furnished Bedroom in Modern Brighton Townhouse!
42.33708,-71.07495,206.0,Evon | SouthEnd | Luxury Apt | Boston Medical
42.33125,-71.04975,150.0,Beautiful 1 Bedroom Condo in Heart of South Boston
42.36474,-71.06396,206.0,Modern 2bed/2bath Apt | Close to TD Garden
42.35847,-71.07298,225.0,Luxury Beacon Hill Condo With Private Patio/Garden
42.3225,-71.06851,58.0,Fully Furnished Long Term Bedroom by Downtown
42.29045,-71.06868,50.0,A minute walk from the Red line (Shawmut) Room 1
42.31943,-71.05405,206.0,"Boston Homestel, Double Bed"
42.38483,-71.01962,270.0,"Apartment w/Parking, minutes to airport / Downtown"
42.28791,-71.06906,190.0,🎖The Ashmont Apartment | Close to Subway/Downtown
42.34965,-71.14948,247.0,"Blueground | Brighton, a/c, nr hospital"
42.32728,-71.0814,45.0,201C monthly rental room with private bath BU Med
42.34858322143555,-71.0696029663086,150.0,Bay Village Suites: Perfect Studio Ready For You!
42.30639,-71.13026,206.0,Country home in the city of Boston.
42.29132,-71.06655,63.0,Steps away from the Shawmut station!!(room 2)
42.348419189453125,-71.06991577148438,158.0,"Prices Cannot Be Beat, Perfect Boston Apartment"
42.34575,-71.07357,360.0,Luxurious Boston Penthouse w/roof deck and hot tub
42.3699,-71.06146,336.0,Blue Waters - Harbor View
42.35036,-71.08368,130.0,Back Bay-Around corner from Famous Newbury St
42.35471,-71.06173,583.0,Spacious 3BR | Family Favorite | Downtown Boston!
42.34114,-71.04959,287.0,"Blueground | S. Boston, doorman, nr seaport"
42.35136,-71.13603,206.0,2-2 ★ALLSTON★ 3 Mins to Green Line T
42.35122,-71.13456,206.0,2-3 ★ALLSTON★ 3 Mins to Green Line T
42.29144,-71.0664,125.0,Bright Spacious Apt w/ Free On Street Parking
42.32947,-71.10791,65.0,Hospital Haven
42.34858322143555,-71.0696029663086,143.0,"Perfect Spot, Affordable Studio!"
42.33951,-71.07362,206.0,Contemporary South End Condo
42.35115,-71.13544,206.0,2-4 ★ALLSTON★ 3 Mins to Green Line T
42.32009,-71.07521,225.0,"NEW ! Boston Condo Near MBTA, 3Mi to Fenway! (U1)"
42.32028224048613,-71.07477278128519,275.0,"NEW ! Boston Condo Near MBTA, 3Mi to Fenway ! (U3)"
42.3386164,-71.1507462,174.0,"Private 1 Bdr, 4 minute walk to T near Reservoir"
42.30498,-71.13186,206.0,"Stately, beautiful home"
42.348419189453125,-71.06991577148438,144.0,"Perfect Boston Apartment, Book Today & Enjoy!"
42.3628,-71.06228,526.0,The Boxer Boston Deluxe Double
42.36333,-71.06136,206.0,The Boxer Boston Junior Suite Accessible
42.3646,-71.06347,468.0,The Boxer Traditional Accessible King
42.35892,-71.05416,290.0,"Blueground | Downtown, doorman, nr chinatown t"
42.36145,-71.06411,90.0,Cozy Room in Beacon Hill/MIT/MGH. Walk Everywhere!
42.30394,-71.06477,206.0,Guest Room and Private Bath in Meeting House Hill
42.35803,-71.0711,165.0,Delightful Beacon Hill 1 Bed | 1 Bath
42.34387,-71.07619,210.0,1863 House Bed and  Breakfast M307 Room 1
42.30015,-71.07738,154.0,Spacious & Beautiful Entire Apt in Boston
42.33917,-71.07488,91.0,Boston Brownstone Gem GREAT location on Silverline
42.34554,-71.07099,362.0,A Charming South End Apt with Private Garden!
42.32201,-71.07015,60.0,Spacious 1st Floor Private Room Close to Downtown
42.31384,-71.06113,54.0,14P.T | The Grand View | 5BR 2B w/AC | Twin Room
42.31384,-71.06113,73.0,14P.P | The Grand View | 5BR 2B w/AC | Parlor Room
42.31384,-71.06113,70.0,14P.B | The Grand View | 5BR 2B w/AC | Blue Room
42.31384,-71.06113,63.0,14P.M | The Grand View | 5BR 2B w/AC | Master Room
42.32815,-71.09335,413.0,"Clean, Contemporary Escape | Near T"
42.31608,-71.09664,206.0,Spacious Egleston Square 2 bedroom (dog friendly)
42.35229,-71.05911,303.0,"Blueground | Downtown, gym, doorman, nr chinatown"
42.35229,-71.05911,206.0,"Blueground | Downtown, gym, doorman, nr station"
42.35229,-71.05911,206.0,"Blueground | Downtown, gym, doorman, nr chinatown"
42.32139,-71.06023,64.0,230B2.2 | The Roseclair Redline | AC & W/D | Rm #2
42.32093,-71.05982,71.0,230B2.1 | The Roseclair Redline | AC & W/D | Rm #1
42.32287,-71.0621,65.0,230B2.3 | The Roseclair Redline | AC & W/D | Rm #3
42.31498,-71.09591,206.0,Dog Friendly Suite in Egleston Sq Condo
42.35221,-71.06442,220.0,"Blueground | Downtown, doorman, nr boston common"
42.3139,-71.06223,60.0,14P.Y | The Grand View | 5BR 2B w/AC | Yellow Room
42.36142,-71.05431,206.0,Brick and beam living in the Historic North End
42.33358,-71.11114,177.0,Riverway the best of Boston and Brookline!
42.3491652,-71.0807758,374.0,"Blueground | Back Bay, gym, doorman, nr mall"
42.348129,-71.080849,441.0,"Blueground | Back Bay, gym, doorman, nr Esplanade"
42.27954,-71.1179,220.0,Amazing 3 Bed Close To Boston With Parking & Yard
42.27806,-71.11702,241.0,Awesome 3 Bed Close To Boston With Parking
42.29098,-71.06686,176.0,Home Sweet Home
42.27807,-71.10515,554.0,Stonecrest Stays- A Modern & Cozy home in Boston.
42.35941,-71.06744,294.0,"Blueground | Beacon Hill, nr boston common"
42.35221,-71.06442,222.0,"Blueground | Downtown, doorman, nr green line"
42.35221,-71.0639,313.0,"Blueground | Downtown, w/d, nr boston common"
42.35941,-71.06744,294.0,"Blueground | Beacon Hill, nr mass state house"
42.28407,-71.1257,449.0,Single Family 4 BR / 2 BA - Walk Everywhere
42.25082,-71.11571,65.0,New England Victorian Oasis
42.34401,-71.15238,206.0,Spacious and well lit
42.3218,-71.07452,60.0,The Jazzy Airbnb
42.31074,-71.10035,143.0,Bright and Spacious
42.31237,-71.10197,158.0,Bright and comfortable
42.34396743774414,-71.08158874511719,936.0,Contemporary home  in Historic Back Bay Boston
42.31129,-71.06447,300.0,Boston Three Bedroom Apartment
42.28739,-71.05766,257.0,Charming 3 bedroom suite in the heart of Boston
42.32317,-71.06844,58.0,Designed 1st Floor Furnished Bedroom by Downtown
42.3496531,-71.14948140000001,231.0,"Blueground | Allston, laundry in basement"
42.34983,-71.1494,241.0,"Blueground | Allston, laundry in basement"
42.34979949999999,-71.1495084,241.0,"Blueground | Allston, laundry in basement"
42.330814361572266,-71.03656768798828,373.0,"4br SouthBoston free parkg nrBeach, 6 min>BCEC"
42.320438,-71.056023,746.0,Cute Boston Condo | Near T
42.3295,-71.08817,537.0,Soaring Oasis | near South End
42.3294961,-71.0881648,688.0,Expansive Luxury Triplex | near T
42.32128,-71.06046,65.0,230B1.1 | The Dorset Redline | 3BR 1B w/AC | Rm #1
42.323,-71.05997,87.0,230B1.2 | The Dorset Redline | 3BR 1B w/AC | Rm #2
42.36548,-71.06833,112.0,High-floor Luxury Building with River Views by MGH
42.35942,-71.0653,206.0,Cozy Room in the Heart of Boston (MGH/Downtown)
42.36283,-71.13054,83.0,Comfy Spacious Room Near Harvard BS
42.36091,-71.13049,89.0,Comfy Room Near Harvard BS
42.34488,-71.07195,290.0,"* NEW Listing * A True GEM in South End , Boston!!"
42.34469,-71.08851,206.0,BRIGHT SPACIOUS BOSTON APARTMENT
42.29438,-71.06765,247.0,The Bostonian Victorian
42.352093,-71.06081,206.0,Walk to the Parks! Historic 2BR nr Dining
42.352093,-71.06081,206.0,"Prime Boston 2BR w Balcony in FIDI, nr Tufts"
42.352093,-71.06081,206.0,Prime Boston Location | Walk to Chinatown & T
42.352093,-71.06081,206.0,Chic City Studio nr Tufts w/ Fast WiFi | Boston
42.352093,-71.06081,206.0,"Sunlit FIDI Studio | Theaters, Dining & Culture"
42.352093,-71.06081,206.0,Arts & Dining Hub | Studio Condo Near the T
42.30447,-71.11556,206.0,Spacious House on a Quiet Street
42.34843,-71.04859,191.0,Fort Point Corner of Windows brick & beam loft
42.34923,-71.08622,206.0,Luxury On Commonwealth Avenue Back Bay Proper
42.35214,-71.07704,130.0,Back Bay a few blocks from Boston Public Garden
42.38102,-71.06814,150.0,4BR - Visit Boston Like a Local!
42.3755827,-71.0494657,311.0,Travelers Choice Best of Boston Houseboat Suite 1!
42.31698,-71.09315,137.0,New Decor! Cozy Modern Renovated Private Suite!
42.352093,-71.060806,206.0,Cozy Boston 2BR w. Bal | Walk to Common & T
42.352093,-71.060806,206.0,Compact 2BR Retreat | Near Boston Common
42.34991,-71.0674,170.0,Lovely Boston Back Bay/BVTownhouse  Heartof City
42.38318,-71.07211,100.0,Cozy Bedroom for you!
42.35055,-71.06486,216.0,MODERN DOWNTOWN STUDIO
42.35221,-71.06442,238.0,"Blueground | Downtown, doorman, nr green line"
42.34324049937066,-71.07724019857797,259.0,Charming 1 bed S End Freshly painted new mattress!
42.37603,-71.05034,448.0,Travelers Choice Best of Bos Green Turtle II Yacht
42.34085,-71.08078,151.0,Airy Brownstone Studio in Boston's South End
42.348633,-71.074088,206.0,"Blueground | Back Bay, gym, nr esplanade"
42.35155,-71.08738,232.0,ONE Bedroom in the Back Bay on Commonwealth Ave
42.27743,-71.1406,127.0,Modern Style Cozy Private Apt
42.36364,-71.06227,206.0,"Short Term Lease or Stay in heart of Boston, MA"
42.3523,-71.08539,145.0,Beautiful Brownstone in Heart of the Back Bay
42.33973,-71.14656,155.0,"Sunny & Bright 1BR, Longwood Medical Hospitals"
42.32849,-71.09338,206.0,Pvt. Bedroom & Bath | Co-Live by Thatch™ | 33 #2E
42.28574,-71.13203,72.0,Sunlit open plan European one bedroom apartment
42.34906,-71.04471,324.0,"Blueground | Seaport, gym, pool, & doorman"
42.34906,-71.04471,307.0,"Blueground | Seaport, gym, pool, & doorman"
42.34906,-71.04471,327.0,"Blueground | Seaport, gym, pool, & doorman"
42.28658,-71.05386,78.0,NONE SMOKING ROOM K:Spacious & SUPER SAFE & QUIET
42.28583,-71.05558,46.0,Non smoking Room S:Specious Super Safe QuietClean
42.3423,-71.07443,150.0,Ultra Comfy Modern in the Center of the South End
42.32865,-71.09197,78.0,Pvt. Bedroom & Bath | Co-Live by Thatch™ | 33 #2F
42.31768,-71.10568,206.0,Clean & Modern Apt Close to Public Transportation
42.31677,-71.11427,306.0,Stylish 2-bedroom JP Pondside Pad
42.3522052,-71.06442279999999,257.0,"Blueground | Downtown, doorman, nr boston common"
42.34906,-71.04471,313.0,"Blueground | Seaport, gym, pool, & doorman"
42.34906,-71.04471,316.0,"Blueground | Seaport, gym, pool, & doorman"
42.34256,-71.15612,60.0,Cozy Studio
42.36524,-71.05602,199.0,Cozy apartment in the lively heart of Boston
42.34579,-71.08918,206.0,2 Bd (1 bed Split) Next Prudential/Northeastern
42.33163,-71.0995,140.0,3 Bed 1.5 Bath - Longwood Medical Area / NEU
42.34887,-71.06596,381.0,FOUND Boston Common - Queen Room
42.34935,-71.06535,411.0,FOUND Boston Common - Double Queen Room
42.35882,-71.12831,60.0,(A) Cozy & comfortable room in Allston
42.35681,-71.12865,56.0,"(H) Cozy bedroom near Harvard, MIT & BU"
42.35907,-71.1301,56.0,"(G) Cozy room near Harvard, MIT, BU"
42.36682,-71.02931,197.0,"Luxury apt w/ sauna & deck | by airport, downtown"
42.35538,-71.06196,644.0,Large Loft Steps From Boston Common | Short Stays
42.35514,-71.06191,638.0,Luxury Furnished Loft near Park Street Station
42.35726395973094,-71.06179395619714,711.0,Downtown Luxury | Students Welcome | W/D in unit
42.37714,-71.03994,264.0,Tribeca chic | 2 BR w/private patio
42.35558323953741,-71.0605228734014,488.0,Luxury Loft | Boston Common | Monthly Discount
42.37667,-71.05025,300.0,Best of Boston Houseboat Suite 2 Boston Harbor
42.34435,-71.08762,275.0,Beautiful Two Bedroom near Prudential Center
42.34481,-71.08792,230.0,Stunning 1 Bedroom in Luxury High Rise with Views
42.34163,-71.08367,1140.0,Luxury 4 Bdrm Penthouse Brownstone Duplex
42.35708,-71.06228,919.0,"Monthly Discounts -Fully Furnished 4br, 2ba Loft"
42.35722807237734,-71.06149157569895,582.0,Keyless Entry | Laundry in Unit | Pet Friendly
42.357308874194494,-71.06218277856146,645.0,Centrally Located Luxurious Loft | Walk Anywhere!
42.35576,-71.06202,623.0,"Monthly Discounts - Furnished Luxury 3br, 2ba Loft"
42.355235397569416,-71.06091070350858,421.0,Pet Friendly | Downtown Boston | Elevator + W/D
42.38018,-71.06604,206.0,Charming 2 Bed-Charlestown Gaslight/Freedom Trail
42.29309,-71.12205,35.0,Private room  near T-Station
42.30912,-71.11833,165.0,Modern JP Townhouse w Parking - quiet & convenient
42.29156,-71.12194,51.0,Spacious room with private living room near T
42.35531,-71.06071,740.0,Lavishly Designed Home | With Office | Close to T
42.35512,-71.06247,536.0,200mbps speeds - Laundry - Discounted Long Stays
42.34518,-71.08706,277.0,"Blueground | Symphony, doorman, nr t stop & mfa"
42.34518,-71.08706,289.0,"Blueground | Symphony, doorman, nr mfa"
42.3657336,-71.0669497,259.0,"Blueground | W. End, gym, nr mgh & t stop"
42.35127,-71.05883,230.0,Stylish 1 Bedroom near Boston Harbor
42.35116,-71.05873,240.0,Modern 1 Bedroom in Downtown Boston
42.3529623958616,-71.05988657438695,245.0,Neatly Designed One Bedroom near Boston Harbor
42.35297,-71.05852,235.0,1 Bedroom near Rose Kennedy Greenway
42.35337,-71.05861,310.0,Stylish Two Bedroom Steps from Boston Common
42.36638,-71.04007,206.0,"Modern Studiolux, Pool + Outdoor Sundeck"
42.36638,-71.04007,206.0,East Boston Studio | Bike Storage & Gym
42.36638,-71.04007,354.0,"Luxury Waterfront 1BR, Rooftop & Pool Access"
42.38063,-71.07014,206.0,Tucked-away Home in Boston’s Historic Charlestown
42.34054,-71.06665,206.0,Luxury 2 bedroom on top floor with roof deck
42.30736,-71.06375,261.0,Great public transportation to tour all of Boston!
42.35026,-71.08765,206.0,Meticulous 1 BR in the Heart of Back Bay
42.38109,-71.03078,206.0,1 Bedroom City Bungalow close to Downtown Boston
42.31631,-71.09878,297.0,"Luxe Boston 2 bdrm w/ parking, WiFi, BBQ & laundry"
42.35438,-71.04797,295.0,Contemporary One Bedroom with Amenities
42.35469,-71.04609,428.0,Modern Two Bedroom with Luxury Amenities
42.36638,-71.04007,206.0,Steps to Harbor | StudioLux by Parks & Cafés
42.36638,-71.04007,206.0,Chic StudioLux Near Piers Park & Harbor
42.36638,-71.04007,206.0,Stylish StudioLux in Vibrant East Boston
42.36638,-71.04007,206.0,"Studio Retreat, Gym + Yoga On Demand"
42.36638,-71.04007,206.0,Studio w/ Rooftop Deck & Harbor Views
42.38015,-71.06524,206.0,3 BR/3 BA In Historic Charlestown Neighborhood
42.329247,-71.092819,63.0,Pvt. Bedroom & Bath | Co-Live by Thatch™ | 31 #1B
42.34507,-71.09626,245.0,Boston One Bedroom with Fenway Park Views
42.34367,-71.09797,274.0,Modern 1 Bedroom in Fenway Cultural District
42.3215,-71.07651,70.0,A place that speaks on your behalf
42.34485,-71.09832,235.0,1 Bedroom with Floor-to-Ceiling Windows in Fenway
42.3437,-71.09667,240.0,Contemporary 1 Bedroom in Fenway Cultural District
42.36745,-71.05735,120.0,"Studio w/ Parking Near MGH, TD Garden & Waterfront"
42.34501,-71.09595,235.0,Luxury One Bedroom Near Fenway Park with Rooftop
42.31687,-71.05668,85.0,Boston Maison near JFK/UMASS
42.35881,-71.05191,419.0,Harborside Inn-Boutique Hotel
42.33929,-71.07687,206.0,"Sunlit 2BR in South End, Comfort & elegance to WFH"
42.34323,-71.08618,285.0,2 Bedroom with Views and Luxury Amenities
42.29078,-71.15423,206.0,West Roxbury Tree House Condo - Entire Unit
42.364773,-71.063143,452.0,"Blueground | N. Station, gym, w/d, doorman"
42.31294,-71.11617,329.0,In the heart of Jamaica Plain near Pond & Longwood
42.34886169433594,-71.16592407226562,206.0,"Smart House in Boston, comfy beds, dogs OK"
42.36135,-71.06387,240.0,"Renovated Studio, steps to MGH, Suffolk"
42.34353,-71.08747,215.0,One-Bedroom in Back Bay with Boston Skyline Views
42.34319,-71.14389,247.0,"2 bed, in unit laundry, Boston College, balcony."
42.35702565661529,-71.06194776110382,806.0,Spacious 4bed Loft | Downtown Boston | Beacon Hill
42.35563359910092,-71.06034154433256,585.0,Washer/Dryer in-unit!  Close to MGH & Beacon Hill
42.35746,-71.06085,740.0,Designer Lux 4bed Loft | Steps to the State House
42.35721,-71.06153,666.0,Pet Friendly |  3bd 2ba Flat steps to Beacon Hill
42.35666,-71.06026,695.0,4br/2ba | 200mbps Internet | Luxury Keyless Entry
42.35575107251281,-71.06242661829393,655.0,4bed Loft | Steps to Boston Common + Beacon Hill
42.3571,-71.06069,836.0,"Parking Available-Fully Furnished 4br, 2ba-Hami509"
42.355056736770834,-71.06221200170934,211.0,Just Perfect Studio For Your Next Stay
42.35505676269531,-71.06221008300781,221.0,Stay Tonight In Boston's Downtown!
42.35943,-71.05776,206.0,One Bedroom Apartment In Luxury Boston High Rise
42.3469948,-71.1452694,337.0,"Blueground | Brighton, w/d, gym, nr t & shops"
42.3469948,-71.1452694,318.0,"Blueground | Brighton, w/d, doorman, nr t & dining"
42.3469948,-71.1452694,244.0,"Blueground | Brighton, w/d, doorman, nr t & shops"
42.34947,-71.06196,206.0,Cozy Studio in PRIME Location Downtown Boston
42.28834,-71.13646,124.0,Charming 2br in hip neighborhood w Private Deck
42.36999,-71.03631,206.0,"Beautiful bedroom, min from downtown and harbor"
42.34219,-71.08686,206.0,Long term stay Grad Students/Professionals/Artists
42.37473,-71.06101,290.0,Charlestown Furnished  1 bedroom Apartment M465
42.305282560949806,-71.06119774985596,120.0,IV New apartment with Luxury amenities in Boston
42.36014,-71.12829,201.0,Updated 1-Bed near Harvard w/ parking and office!
42.35573,-71.05994,236.0,"Simple Studio -Walk to MGH, Beacon Hill, North End"
42.35522,-71.05798,200.0,Bright + Clean Studio Loft in Downtown Boston!
42.35392,-71.05954,228.0,Downtown Studio | Students Welcome
42.35596,-71.05992,206.0,Boston Fidi Studio  Laundry in Building  Fast Wifi
42.35427,-71.05991,290.0,Prime Location | Beacon Hill & Financial District
42.35519,-71.05994,279.0,Downtown Loft | Walk Anywhere | Ideal for Nurses!
42.35397,-71.05798,429.0,Luxury at a Discount!!  2br/2ba | 200mbps Internet
42.35569,-71.06002,190.0,Downtown Luxury Studio | Pets Welcome | WD in Bldg
42.34406280517578,-71.06999969482422,195.0,Modern Smart 1Bdr Private Entry Historic South End
42.33437,-71.05208,402.0,Sunny Southie Modern 2 Bedroom with Deck
42.35451,-71.0579,205.0,Bright & Bold Loft | Fast Wifi | Downtown Boston
42.35397,-71.05805,215.0,Downtown Boston | Nurses Welcome | W/D in bldg
42.35426,-71.0598,220.0,Beautiful Studio | Close to Everything | Fast Wifi
42.34742,-71.09253,251.0,Classic furnished 1BR in Fenway in Brownstone Bldg
42.32987,-71.08982,97.0,Cozy home away from home in historic Boston
42.35387599921967,-71.05848406519874,281.0,Simple 1br |  Financial District | Keyless Entry
42.30945,-71.10263,206.0,Contemporary Farmhouse-Style Retreat | near T
42.35533,-71.05769,212.0,"Downtown Central Studio w Fast WIFI, Keyless Entry"
42.30043,-71.06091,486.0,Top level great views mins to MBTA!
42.35066,-71.07739,251.0,"Blueground | Back Bay, roofdeck, nr commons"
42.35638,-71.07139,89.0,Cosy Room in Back Bay and Beacon Hill (MGH/Tufts)
42.38347,-71.01653,210.0,Luxury Condo in Boston w/ backyard & parking
42.33716,-71.03812,74.0,Mins to Seaport/Downtown. Pvt bath & Entrance
42.37877,-71.0311,397.0,Boston Best with Parking - GREAT reviews
42.34558,-71.09618,335.0,Modern Two Bedroom Steps from Fenway Park
42.28626,-71.04232,140.0,Swanky unit Convenient to Downtown nr Restaurants
42.33635,-71.07506,299.0,1BR Apartment | Patio | Full-Kitchen
42.3504,-71.06996,206.0,Cozy studio in Bay Village near Public Garden
42.33873,-71.15151,206.0,Large furnished one bedroom Brighton unit
42.35593,-71.05837,209.0,Center of Boston Studio Pet Friendly | Laundry
42.26396,-71.10395,51.0,Bedroom with 2 Full Size Beds
42.32923,-71.09184,103.0,Furnished Studio by Thatch™ | Highland Ave
42.29916,-71.08675,290.0,Modern/Luxury | Steps from Zoo & Golf Course
42.36319,-71.05127,245.0,North End 1 BR Gem in Little Italy
42.34882420341916,-71.09481479655527,525.0,"Luxury 2 Bed, 2Bath apartment in Back Bay/Fenway!"
42.35727,-71.0551,422.0,Fully Furnished 2br/2ba Loft in Downtown Boston
42.35835418840674,-71.05321336034264,404.0,Designer Inspired | Keyless Entry | Financial Dist
42.3347357,-71.1018627,269.0,"Blueground | Longwood, nr t & multiple schools"
42.35866,-71.13006,60.0,"(I) Cozy Room Near Harvard, MIT, BU & prime diners"
42.34901,-71.0666,574.0,3 Bdrm 2BA Apt Quiet Spotless Parking Top Location
42.26353,-71.12697,238.0,Boston’s best! Free parking! Stylish 2 bdrm apt
42.30019,-71.08438,129.0,New Renovated 1 Bed Nr Franklin Park Free Parking
42.35505294799805,-71.06218719482422,221.0,Stylish Studio in Downtown Boston!
42.35529,-71.06087,737.0,"Downtown Crossing, Large Lofted Condo, Location!"
42.34146,-71.07185,259.0,"UNION PARK, South End - sunny, historic 2B/2B"
42.38099,-71.07038,196.0,"Large 1+bed in historic Charlestown, Boston!"
42.355056736770834,-71.06221200170934,162.0,"Long OR Short Term Stays, Affordable Boston Stay"
42.35465,-71.15788,206.0,Sublet - 1 bedroom in a 3 b 1 ba Brighton Apt
42.358980395949175,-71.05393090509003,305.0,1BR in Downtown Boston| Walk Anywhere!
42.3505139,-71.089844,303.0,"Blueground | Back Bay, nr newbury st & esplanade"
42.33836,-71.07613,675.0,Boston - 3 Bedrooms Patio Full-Kitchen
42.3232,-71.05995,192.0,3BR JFK/UMASS redline T+parking
42.2895,-71.13044,274.0,"2BR Near Transit, Shops, Arboretum + Free Parking"
42.33884,-71.08177,290.0,"Blueground | S. End, pool, nr art gallery & t"
42.33884,-71.08177,306.0,"Blueground | S. End, pool, nr art gallery & t"
42.33884,-71.08177,353.0,"Blueground | S. End, pool, nr art gallery & t"
42.33884,-71.08177,299.0,"Blueground | S. End, pool, nr art gallery & t"
42.35708897267829,-71.05350906465866,399.0,Lux Downtown Flat - Large Open Layout - Fast Wifi
42.35875,-71.05361,237.0,Beautiful 1BR on Top Floor in Downtown Boston
42.35893,-71.0553,417.0,Elegant 2BD/2BA furnished apartment in FiDi
42.35745,-71.0533,398.0,Airy 2br Apt Downtown Boston - Smart Lock Entry
42.35889,-71.05337,307.0,Charming 1BR Flat Downtown Boston | Walk Anywhere
42.3163,-71.05873,158.0,Apartment 1BR mins from JFK/UMASS free parking
42.27941,-71.09465,528.0,Comfy Oasis
42.28224,-71.11739,206.0,"Longterm Boston2b1b,Easy transit,on-site parking"
42.3493129120797,-71.09268140663436,267.0,Beautiful 1BR near Fenway Park + Kenmore!
42.34309,-71.05313,265.0,GREAT LOCATION! Modern 2 BD and 2 BA w/Parking!
42.37835,-71.02964,100.0,City apartment with parking Logan/Downtown
42.37721,-71.03767,272.0,Romantic Getaway on the roof - parking/Airport
42.33745,-71.07676,401.0,2BR Apartment | Patio | Boston Medical Center
42.31086,-71.09849,193.0,Luxury pet-friendly 2 bed by beautiful park!
42.25365,-71.12714,206.0,Glamorous bedroom a short walk away from commuter!
42.38274,-71.02198,86.0,"The Nook, 15m T to downtown,Walk to Airport/Subway"
42.38294,-71.02026,98.0,Zakim-Walk to Airport/Subway-15min to downtown
42.32932,-71.05351,472.0,"Family Friendly City Oasis! Free Parking, King Bed"
42.35533065332528,-71.06073938142121,589.0,Luxury at a Discount | 3br/2ba | 200mbps Internet
42.35528350930719,-71.06044446350509,571.0,Centralized Downtown Location | On-site Parking
42.32114,-71.05993,70.0,230B3.1 | The Mayhew Redline | w/AC & WD | Room #1
42.32096,-71.0604,67.0,230B3.2 | The Mayhew Redline | w/AC & WD | Room #2
42.35524,-71.06022,505.0,Boston Common Loft w/ in-unit washer dryer
42.35731,-71.0624,513.0,Perfect Location | Boston Common | Park St Station
42.34399,-71.09823,345.0,"Large Two Bedroom, One Block From Fenway Park"
42.35131,-71.06531,292.0,Amazing Location | Theater District | Pet Friendly
42.3025,-71.06311,617.0,LargeDuplex10Beds w/prkg near Downton
42.34114,-71.04959,206.0,"Blueground | South Boston, gym, nr lawn on d"
42.34114,-71.04959,256.0,"Blueground | S. Boston, gym, w/d, nr seaport"
42.34114,-71.04959,274.0,"Blueground | S. Boston, gym, w/d, nr seaport"
42.31573,-71.09141,206.0,Gracious room Boston
42.31596,-71.09135,206.0,Amazing room close to downtown Boston
42.31583,-71.08992,50.0,Artistic Room
42.2807,-71.07172,228.0,#4 CLEAN COMFY & COZY GLORY GUEST SUITE
42.34812,-71.13601,282.0,Entire Apt near Bos Univ/Bos College Free Parking
42.27832,-71.14076,204.0,"6 Room, 2+ Bedroom: Sunny Quintessential Boston"
42.35891,-71.06615,193.0,Beacon Hills Studio next to State house
42.34486,-71.07142,278.0,"LTR *NEW Listing* A True GEM in South End, Boston!"
42.2986,-71.06144,463.0,Newly Reno condo 1st floor mins to public trans T
42.27679,-71.06871,307.0,"Sparkling Clean, HOME away from home!"
42.29928,-71.0609,520.0,Cozy spacious 2nd level condo walk to public tran
42.36239,-71.05044,749.0,Boston Harbor View!Free Parking!North End 3 bed
42.32662,-71.07675,158.0,Cozy 1 Bedroom in the Heart of Boston!
42.34651,-71.10321,553.0,"Blueground | Fenway, gym, steps from baseball"
42.3466,-71.1413,160.0,Modern 2B2B Apartment - Minutes to Downtown Boston
42.3281455,-71.0933478,438.0,Tasteful & Luminous Refuge | Near T
42.348426818847656,-71.07017517089844,107.0,"Long Stays For One, Desk, Wifi, Central Location"
42.36618,-71.05217,166.0,North End Apt Near Harbor
42.34336,-71.08567,230.0,"1 Bedroom in Back Bay, Boston's Best Neighborhood"
42.34313,-71.15594,82.0,Cozy Cabin room in a quiet Boston area
42.3476761355766,-71.14312237777683,165.0,Charming 2BR 2BA With Easy Access to Boston Center
42.34488,-71.15442,93.0,Azurite colors room in a quiet Boston area
42.34246,-71.10145,236.0,"(F21)  Cozy Retreat in Fenway, Guests Favorite!"
42.32678,-71.05975,206.0,Entire Apartment - 1BR - Near Downtown Boston
42.34516,-71.09652,240.0,Serviced 1 Bedroom Across From Fenway Park
42.34486,-71.09622,240.0,"Spacious One Bedroom, Steps from Fenway Park"
42.35308,-71.16926,125.0,private room in a 1 family home.
42.34979,-71.06544,235.0,Bay Village Charm | 99 WalkScore | Short/Long Stay
42.35097,-71.06539,259.0,"Comfy 1br, Minutes to Boston Common, 99 Walk score"
42.34997,-71.0672,254.0,Simple 1BR steps to Boston Common and South End!
42.313251,-71.054817,186.0,"1st floor, free parking off street, 3 min to train"
42.32585,-71.09502,139.0,1 mile to Downtown Boston Cozy Studio Apartment
42.2883,-71.15351,242.0,"European, rustic 3 bed/2bath-5 miles to Copley Sq"
42.32829,-71.09404,450.0,Fort Hill Inn Uber Cool!  **Modern City Triplex**
42.35155,-71.0839,229.0,Oversized  Furnished Brownstone Studio in Back Bay
42.3234,-71.09018,272.0,*Fort Hill Inn  *Sunny* Updated Historic Beauty!
42.32856,-71.09569,187.0,"Fort Hill Inn, Excellent  Mid Modern nice details!"
42.3297,-71.09593,133.0,Fort Hill Inn Private Guest room/ private Bath #3
42.33046,-71.09397,168.0,"Fort Hill Inn  1 Bedroom Duplex,  *Sunny Condo*"
42.33620071411133,-71.05067443847656,226.0,Guest Suite - private bathroom and roof deck
42.32887,-71.09377,94.0,Pvt. Bedroom & Bath | Co-Live by Thatch™ | 31 #1D
42.33999,-71.08143,234.0,"Blueground | South End, nr northeastern & dining"
42.34006,-71.15734,221.0,"Blueground | Brighton, w/d, nr dining & shops"
42.34863,-71.07409,328.0,"Blueground | Back Bay, gym, nr newbury st"
42.3498262,-71.149396,255.0,"Blueground | Brighton, w/d, nr dining & shops"
42.31649,-71.09199,37.0,All included. Comfy quiet room.
42.34629,-71.1602,117.0,"Brighton, Queen bed/private bth, park free"
42.30807,-71.06147,212.0,"Swanky Unit w Cntrl air, mins 2 city Modrn Top flr"
42.29065,-71.06361,238.0,Renovated Listing (2 Rooms)!!
42.29107,-71.06189,580.0,Renovated apartment just minutes from the T!
42.29049,-71.06138,136.0,Newly Renovated Double Room!
42.29037,-71.06367,96.0,Cozy Room on Top Floor!
42.28918,-71.06166,96.0,Spacious & newly renovated private room!
42.29063,-71.06357,96.0,Comfy renovated room in spacious apartment!
42.34449,-71.08237,206.0,"Blueground | Back Bay, near prudential center"
42.34449,-71.08237,461.0,"Blueground | Back Bay, near prudential center"
42.33483,-71.04502,520.0,Perfectly Renovated Home w/ Private Outdoor Oasis
42.33701,-71.04517,262.0,Cozy 2-Bedroom in Heart of Southie
42.34449,-71.08237,449.0,"Blueground | Back Bay, near prudential center"
42.33655,-71.04533,1465.0,4-Bedroom/3 Bath Home with gorgeous deck
42.36638,-71.04007,206.0,Cozy Studio w/ Conference & Work Spaces
42.36638,-71.04007,206.0,"Airy StudioLux, Walk to Eateries & Murals"
42.36638,-71.04007,206.0,StudioLux in Trendy Eastie Neighborhood
42.3555,-71.06193,564.0,Lavish 3br In Downtown | Keyless Entry
42.35141,-71.06564,341.0,1br in Heart of Theater District | Walk Anywhere!
42.36490313211377,-71.05337157782682,456.0,Delightful North End Apt - 2br 2BA w/ Laundry!
42.37533,-71.03139,150.0,CITY APARTMENT NEAR AIRPORT
42.352093,-71.06081,206.0,Downtown Studio w In-unit Laundry & W/D
42.352093,-71.06081,206.0,Stylish Stay | Walk to Chinatown & Theaters
42.352093,-71.06081,206.0,Blocks from Boston Common 1BR nr Chinatown
42.352093,-71.06081,206.0,Fully Furnished & Stocked w. Kitchen Essentials
42.352093,-71.06081,206.0,Stay near the T & Tufts | 2BR in Prime Boston
42.24234,-71.14182,245.0,COMO
42.33422,-71.10495,134.0,Cozy Boston Studio - Longwood/Fenway
42.33207,-71.10713,154.0,Longwood/Fenway Basement Studio
42.33248,-71.10711,133.0,Spacious Basement Studio - Longwood/Fenway
42.34449,-71.08237,461.0,"Blueground | Back Bay, near prudential center"
42.34449,-71.08237,429.0,"Blueground | Back Bay, near prudential center"
42.38042,-71.03111,206.0,City place with roof top deck/parking/downtown
42.37998,-71.03004,150.0,Close to everything - parking/downtown/airport
42.33208,-71.10628,123.0,Sunny Boston Studio - Fenway/Longwood
42.33194,-71.10633,162.0,Stylish Boston Studio - Fenway/Longwood
42.33172,-71.11141,169.0,2 Bedroom by Longwood Medical Hospitals
42.35204,-71.14908,206.0,Luxury Listing *free parking* #3
42.34992,-71.06943,396.0,"Blueground | Back Bay, gym, nr the common"
42.34992,-71.06943,410.0,"Blueground | Back Bay, gym, nr the common"
42.35705,-71.12969,60.0,"(D) Cozy comfortable room near Harvard, MIT & BU"
42.363026,-71.0549705,377.0,"Blueground | N. End, balcony & rooftop"
42.345726,-71.105835,1263.0,"Entire 3 story Brownstone building, Walk to Fenway"
42.355499267578125,-71.13740539550781,228.0,Modern 2+ Bd Harvard/BU/BC Boston Landing!
42.31932786147024,-71.09013210682868,69.0,La Casa Boheme - Upstairs Back Bedroom
42.34971,-71.06718,303.0,Airy 1BR Walkable to Everywhere in Boston | W+D
42.27186260442167,-71.0838019517025,174.0,ENTIRE 2BR APARTMENT IN A NICE QUIET NEIGHBORHOOD!
42.32845,-71.09435,173.0,"Fort Hill Inn, *Designed*  City Loft Studio Apt"
42.34518,-71.15655,86.0,Boston style bedroom in a quiet Boston area
42.34914,-71.09555,224.0,Fenway Park Vintage Brownstone  (3A)
42.36638,-71.04007,206.0,"Modern Studio, Pool + Outdoor Sundeck"
42.35742,-71.06119,140.0,Simple Studio on Beacon Hill
42.34909,-71.0969,224.0,Fenway Park Vintage Brownstone (3C)
42.34873,-71.0958,254.0,Fenway Park Vintage Brownstone (4A)
42.34906,-71.09716,173.0,Fenway Park Brownstone -3B (Single guest only)
42.2796,-71.06876,206.0,Near Train Station Gorgeous Apartment with Patios
42.35075,-71.13473,70.0,"AL/R2 Private, simple, classic room close to BU/BC"
42.33411,-71.10557,159.0,Chic 1 Bedroom - Longwood/Fenway
42.391317,-71.007146,150.0,Lovely Private Studio near Logan Airport
42.28914,-71.07021,145.0,Cozy and Clean Ashmont Apartment
42.3597,-71.06796,310.0,"(63-2) 2BR in Beacon Hill MGH, Children's, Suffolk"
42.36781,-71.05559,206.0,★ PRIVATE Condo in Prime Location ★
42.35051,-71.09503,217.0,Fenway Park Vintage Brownstone (4C)
42.2736,-71.07051,360.0,"Very spacious, brand new 3 bedroom condo"
42.34446,-71.1492,161.0,"Comfortable house w garden and parking, close to T"
42.35087,-71.09642,169.0,Fenway Park Brownstone-4B  (Single guest only)
42.34777380000001,-71.1460998,262.0,"Blueground | Brighton, gym, nr t, shops & food"
42.34777380000001,-71.1460998,230.0,"Blueground | Brighton, gym, nr t, shops & food"
42.29125,-71.11996,120.0,Tranquil bedroom and private bath near Arboretum
42.3413200378418,-71.0804443359375,576.0,South End 1800sqft 2BR Audiophile Paradise
42.35395,-71.05996,218.0,Downtown Boston Studio | Fast Wifi | Keyless Entry
42.3505139,-71.089844,206.0,"Blueground | Back Bay, nr newbury st & esplanade"
42.34265,-71.08161,200.0,Super location! 1st Floor! Walk everywhere!
42.34284,-71.08127,195.0,Super location! One free parking spot! Walk Walk!
42.35305,-71.13796,164.0,1 Free parking spot - Large studio - First floor
42.35493,-71.13795,153.0,1 Free parking spot - Harvard School of Business
42.35297,-71.13949,153.0,1 Free parking spot - 1BR/1Bath - Location - Walk!
42.34064,-71.08015,391.0,Authentic Brownstone Boston Studio!
42.34093,-71.07899,200.0,Cozy Studio With Shared Kitchen
42.30393,-71.07488,145.0,"""Super 3 Bedroom Apartment Near T W/ Free Parking"""
42.35929,-71.14198,56.0,Peaceful Spacious Private Room in Allston
42.35281,-71.13735,116.0,1 Free parking spot - Large bed/1 bath - Location
42.3473,-71.06916,198.0,Hip and Chic Studio Awaits Your Stay!
42.31609,-71.06669,109.0,A  French Room in Boston
42.34268,-71.07616,170.0,(T3) Fresh & Fun Studio in Heart of South End
42.36095,-71.1414,206.0,Serene Private Room for Extended Stay in Allston
42.34777380000001,-71.1460998,379.0,"Blueground | Brighton, gym, nr t, shops & food"
42.33999439999999,-71.0814304,214.0,"Blueground | S. End, nr t, shops & dining"
42.34777380000001,-71.1460998,206.0,"Blueground | Brighton, gym, nr t, shops & food"
42.33999,-71.08143,233.0,"Blueground | S. End, nr t, shops & dining"
42.355056736770834,-71.06221200170934,185.0,Best Location Studio In Downtown Boston
42.352093,-71.060806,206.0,Historic Meets Modern | 2BR in Central Boston
42.33963,-71.15732,167.0,"Sun-filled Unit, Elevator, Pool, Boston College"
42.35887,-71.12972,54.0,"(E) Cozy bedroom near Harvard, MIT and BU"
42.3284,-71.08941,60.0,Private Room in Vibrant Roxbury Co-Living APT
42.35871,-71.06831,199.0,"(412)Monthly Studio, Private Patio/ Beacon Hill"
42.34777380000001,-71.1460998,206.0,"Blueground | Brighton, gym, nr t, shops & food"
42.34777380000001,-71.1460998,206.0,"Blueground | Brighton, gym, nr t, shops & food"
42.32251,-71.05736,47.0,G_Sunny room easy commute to Boston Downtown.
42.35827,-71.05517,263.0,Modern 1BR Downtown Boston-Milk301
42.32272,-71.0554,55.0,E_Cozy room easy commute to Boston Downtown.
42.348633,-71.074088,333.0,"Blueground | Back Bay, gym, nr newbury st"
42.36033,-71.06717,140.0,Lovely beacon hill 2 bed 2 bath apt in boston
42.33999439999999,-71.0814304,206.0,"Blueground | S. End, nr t, shops & dining"
42.348633,-71.074088,324.0,"Blueground | Back Bay, gym, nr newbury st"
42.29832,-71.06427,415.0,Entire 4-bedroom apartment in the heart of Boston
42.3418091,-71.07001559999999,305.0,"Blueground | South End, nr union park"
42.36355,-71.13151,201.0,"Harvard Campus, Smith Park, Convenient Location"
42.34057,-71.05512,327.0,Right Near Convention Center and Train Station
42.2798,-71.1185,251.0,Best 3 Bedroom Close To Boston
42.3553,-71.06309,211.0,"Stay Tonight & Enjoy Boston, Simple Studio 401"
42.31966,-71.10592,115.0,Urban Guest Suite
42.35041,-71.13014,585.0,Remodeled Spacious Apartment in Perfect Location
42.35437,-71.06206,332.0,King Bed Loft in the Heart of Downtown Boston
42.2719604,-71.0677086,206.0,"Blueground | Dorchester/Milton, nr t stop"
42.31452,-71.05971,211.0,Centrally  located in the heart of Boston near T
42.37761,-71.06649,251.0,Spacious & Pet-Friendly Modern Home in Charlestown
42.34689,-71.1033,194.0,(P-102) Bright 1-Bedroom Apartment in Fenway
42.359,-71.06649,158.0,Boston Beacon Hill Charming 4 bed room apt close T
42.3226,-71.09566,198.0,Newly renovated 3 bedroom 10 mins from downtown
42.33999439999999,-71.0814304,212.0,"Blueground | S. End, nr t, shops & dining"
42.34804,-71.07758,469.0,Copley Queen - Copley Sq. Hotel
42.3356856,-71.0428472,214.0,"Blueground | S. Boston, e broadway"
42.34782,-71.07748,479.0,ADA Copley Queen - Copley Square Hotel
42.31432104753411,-71.0591618919991,130.0,"1 bed, 2 rooms, 4 guests Cute&new. Free parking"
42.28766,-71.08116,190.0,New renovated lovely Boston apartment for rent
42.34898,-71.07794,456.0,Cozy Double - Copley Square Hotel
42.34951,-71.07754,502.0,Copley Double Double - Copley Square Hotel
42.34748,-71.07794,206.0,Copley King - Copley Square Hotel
42.34724,-71.07954,486.0,Studio King - Copley Square Hotel
42.34417,-71.07051,275.0,1 Bedroom Apartment in Boston/South End
42.32244,-71.05711,66.0,F_Spacious room easy commute to Boston Downtown.
42.3131961076764,-71.08703601123739,206.0,Cozy 2 Bedroom Private Apartment
42.32781,-71.08983,206.0,Spacious Private Room in Central Roxbury
42.35567,-71.06129,613.0,Downtown Xing | Lots of Light | Monthly Discounts
42.35395,-71.06111,736.0,Large Ceilings | Centrally Located 4bed 2bath
42.2719604,-71.0677086,268.0,"Blueground | Dorchester/Milton, nr t stop"
42.37737274169922,-71.03465270996094,269.0,Serene Suite near Logan Intl/MBTA Airport station
42.36841,-71.05425,350.0,Amazing Location in Little Italy with Roof Deck
42.31312982379728,-71.06575318370699,238.0,Modern apartment in the city
42.34777380000001,-71.1460998,289.0,"Blueground | Brighton, gym, nr t, shops & food"
42.3646556,-71.0553714,268.0,"Blueground | N. End, nr dining, on salem st"
42.36466,-71.05537,264.0,"Blueground | N. End, nr dining, on salem st"
42.3646556,-71.0553714,269.0,"Blueground | N. End, nr dining, on salem st"
42.32613,-71.0868,206.0,Stunning Nubian Sq Victorian | Mins to Downtown
42.33569,-71.04285,206.0,"Blueground | S. Boston, e broadway"
42.34813,-71.06964,256.0,Charming 1 BR apartment in Historic Bay Village
42.33252,-71.10491,143.0,Longwood/Fenway Cozy Studio
42.33405,-71.10546,138.0,Sunny Fenway/Longwood Studio
42.3338,-71.10709,116.0,Efficiency Apartment - Longwood/Fenway
42.31856281545896,-71.05874533662467,337.0,"Bright Spacious 3Br, Mins From Downtown, Parking"
42.35819625854492,-71.06234741210938,350.0,Spectacular views in a spacious Beacon Hill 2bd2ba
42.348761,-71.048577,330.0,"Blueground | Fort Point, laundry & gym"
42.35530607874658,-71.06086875999847,831.0,Great Location | 4bed Loft | Parking Optional
42.36109,-71.14516,206.0,Bright & Spacious Private Room w/ Shared BTH
42.33856,-71.06907,330.0,"Blueground | South End, laundry & gym"
42.31656,-71.05445,84.0,Private bedroom located in family-owned apartment
42.35087,-71.08365,411.0,Sonder No. 284 Back Bay | Queen Room+
42.34994,-71.08552,502.0,Sonder No. 284 Back Bay | King Room+
42.34999,-71.08554,416.0,Sonder No. 284 Back Bay | Ground-Level Queen Room+
42.35,-71.08573,542.0,Sonder No. 284 Back Bay | Queen Suite+
42.34947,-71.08357,403.0,Sonder No. 284 Back Bay | Superior Queen Room+
42.34935,-71.08364,224.0,Sonder No. 284 Back Bay | Accessible Queen Room+
42.33764,-71.07248,297.0,"Blueground | S. End, gym, nr dining & bumc"
42.3469,-71.07439,206.0,2500 sqft artist condo steps from Copley/Back Bay
42.38,-71.03206,206.0,Modern Apt near Downtown and Airport
42.375179,-71.048897,312.0,2BR Spacious Yacht - Heat & AC - On Freedom Trail
42.36497,-71.06887,335.0,"Blueground | Beacon Hill, great views & gym"
42.36497,-71.06887,304.0,"Blueground | Beacon Hill, great views & gym"
42.33488,-71.04432,196.0,Brand New 2 BR | 1 BA in So. BOS #1
42.3381,-71.04014,105.0,"Adorable private suite with a private entrance and bathroom close to Downtown, Seaport District and The BCEC"
42.34974,-71.08624,341.0,"(N2F) Bay Windows, Newbury, Prime Location!"
42.34958,-71.08509,306.0,"(N2R) Private Deck, Styled Studio, Prime Location!"
42.34896,-71.08641,255.0,"(N3R) Clean and Comfortable Studio, Top Location!"
42.34754,-71.08574,301.0,"(N3F) Beautiful View, Back Bay, Brownstone Newbury"
42.35575,-71.05828,310.0,Newly Designed Loft | Fast Wifi | Pet Friendly
42.35532045908428,-71.06090927153579,593.0,Beautiful 4br 2br | Downtown Xing | High Ceilings
42.31283,-71.07694,96.0,Relaxing Chill Spot with parking on premises.
42.36455,-71.0687657,462.0,"Blueground | Beacon Hill, great views & gym"
42.2875,-71.06909,72.0,Lovely 420 friendly home
42.33483,-71.02683,896.0,Luxury 4 bed Boston home near beach w/roof deck
42.356388,-71.159355,57.0,Sunny room with Free parking
42.3478,-71.15407,59.0,Clean room with Free parking
42.34173,-71.07639,220.0,The 1863 House Bed and Breakfast Room 3
42.3777,-71.0358,81.0,Room walking to Airport & Subway & Stores
42.34794,-71.10164,206.0,Amazing spacious city view 2bed 2 bath unit fenway
42.35119,-71.06402,293.0,"Blueground | Downtown, amenities & rooftop views"
42.3511858,-71.06401699999999,321.0,"Blueground | Downtown, amenities & rooftop views"
42.2904167175293,-71.136474609375,355.0,“Arboretum Retreat” city of Boston
42.3764,-71.03553,79.0,Small Cozy Room walk to Subway Airport
42.359943,-71.063461,1000.0,"Beacon Hill townhouse, 4 bedroom gem"
42.35119,-71.06402,344.0,"Blueground | Downtown, amenities & rooftop views"
42.37798,-71.03817,192.0,Cozy Private 1BR/1BA in Modern Home Near Airport
42.3511858,-71.06401699999999,358.0,"Blueground | Downtown, amenities & rooftop views"
42.33848,-71.15228,110.0,109S14 | The Strathmore 14 w/AC | 2BR 1B | Private
42.358512907173306,-71.06755094917337,135.0,Sweetest 2 bed home downtown Boston Beacon Hill
42.31848,-71.0729,326.0,Stylish Spacious Guests House
42.280727,-71.074799,113.0,"Close to Downtown, pets friendly, Free Parking!"
42.3405,-71.07588,210.0,"(T9) A+ Location, Walkable to All, Budget Friendly"
42.35119,-71.06402,347.0,"Blueground | Downtown, amenities & rooftop views"
42.37813,-71.03303,61.0,Charming bedthroom and upscale apartment.
42.28128,-71.05773,206.0,Loaded Condo! 15-min from City - Laundry & Parking
42.32321,-71.06031,239.0,"Rare 3.5 bed apt, super location Boston, +parking"
42.32628613701844,-71.10619267528668,206.0,near Longwood Medical Area/Harvard Med School
42.365947,-71.063473,315.0,"Blueground | N Station, gym, nr boston landmarks"
42.32269,-71.09473,95.0,Comfortable King bedroom
42.29735,-71.08051,206.0,Spacious 2bd/1ba in Dorchester 1532
42.29725,-71.08227,206.0,2bd/1ba in Boston Dorchester 5538
42.36,-71.12897,429.0,ENTIRE RENTAL UNIT  TWO BED  WITH PARKING
42.36455,-71.06877,345.0,"Blueground | Beacon Hill, great views & gym"
42.364968,-71.06887,275.0,"Blueground | Beacon Hill, great views & gym"
42.36498,-71.05327,765.0,North End Family Villa
42.351397,-71.043191,371.0,"Blueground | Seaport, gym, on harbor"
42.351397,-71.043191,362.0,"Blueground | Seaport, gym, on harbor"
42.30486,-71.12977,155.0,Private Guest Suite with Parking & Fire Pit
42.35504531860352,-71.06221008300781,208.0,"Big Saving, Stay In Boston, Close to Everywhere!"
42.35504531860352,-71.06221008300781,270.0,Downtown Stylish Boston Studio
42.35505,-71.06221,221.0,Experience Boston At It’s Finest!
42.3511858,-71.06401699999999,295.0,"Blueground | Downtown, amenities & rooftop views"
42.3798,-71.03361,55.0,Peaceful bedroom in upscale apartment
42.36662,-71.03784,432.0,Best Location in Boston!
42.34621,-71.06301,259.0,"Blueground | S. End, nr ink block, w/d & gym"
42.3449917,-71.06349900000001,262.0,"Blueground | S. End, nr ink block, w/d & gym"
42.34621,-71.06301,257.0,"Blueground | S. End, nr ink block, w/d & gym"
42.27124,-71.10898,90.0,BeautIful apartment in a quiet area.
42.27724,-71.07475,402.0,Cozy home with free parking
42.35118,-71.08697,272.0,"Blueground | Back Bay, nr restaurants & shopping"
42.3405,-71.15032,116.0,109S9 | The Strathmore 9 w/AC | 2BR 1B | Private
42.32318,-71.06123,52.0,230B1.3 | The Dorset Redline | 3BR 1B w/AC | Rm #3
42.33182,-71.11009,237.0,39S1 | Huge 4BR 2BA w/AC & W/D 75ft to Greenline!
42.29047,-71.13168,174.0,Chic Renovated Suite w/ King Bed & Private Porch
42.351397,-71.043191,294.0,"Blueground | Seaport, gym, nr harbor"
42.35892,-71.05416,276.0,"Blueground | Downtown, gym, nr faneuil hall"
42.348365783691406,-71.06988525390625,166.0,Welcome to Boston! Book Now
42.27159,-71.10932,131.0,Lovely 1 bedroom upstairs apartment all private
42.3005,-71.08394,147.0,Great 1 Bedroom w/ Free Parking
42.30013,-71.0857,85.0,Best 1 Bedroom Nr. Franklin Park w/ Free Parking !
42.34264,-71.07674,178.0,"(T2) Bay Windows, Delicious Pizza, Prime Location!"
42.348419189453125,-71.06983947753906,174.0,Perfect For Solo Travelers Or Friends!
42.34977,-71.08612,315.0,Thatch™ Newbury Street | One-Bedroom Apt. #1
42.28784,-71.06787,282.0,🎖The Ashmont Suite | Close to Subway + Downtown🎖
42.34218,-71.07845,234.0,Stylish Studio With Shared Kitchen
42.34877,-71.09397,206.0,Holtz Suites Fenway
42.32162,-71.07447,206.0,the comfort of comforts
42.34863,-71.07409,475.0,"Blueground | Back Bay, w/d & gym, nr copley sq"
42.35118,-71.08697,233.0,"Blueground | Back Bay, nr newbury & t"
42.35118,-71.08697,240.0,"Blueground | Back Bay, nr newbury & t"
42.35841,-71.12858,62.0,"(B) Cozy bedroom near BU, Harvard & MIT"
42.37919,-71.03519,52.0,Cozy Bedroom in an Upscale Apartment
42.34929,-71.08407,299.0,Thatch™ Newbury Street | One-Bedroom Apt. #2
42.348644,-71.085091,334.0,Thatch™ Newbury | One Bedroom | Apt #3
42.348644,-71.085091,296.0,Thatch™ Newbury Street | One-Bedroom Apt. #4
42.34798,-71.08406,292.0,Thatch™ Newbury Street | One-Bedroom Apt. #5
42.34786,-71.08623,310.0,Thatch™ Newbury Street | One-Bedroom Apt. #6
42.348633,-71.074088,493.0,"Blueground | Back Bay, w/d & gym, nr copley sq"
42.36504,-71.06029,440.0,"Blueground | N. Station, w/d & gym, nr td garden"
42.35118,-71.08697,281.0,"Blueground | Back Bay, nr newbury & t"
42.33399,-71.02601,206.0,"Beautiful Oceanfront, 1Bed/Bath South Boston condo"
42.25041,-71.12739,108.0,Beautiful space in Beautiful home!!
42.29487,-71.08142,206.0,Lovely bedroom in the heart of Boston.
42.29853,-71.06139,975.0,Unique 2 floors 8 beds 4 bath public transit
42.35938,-71.0701,257.0,"Beacon Hill, J. Miller Flats -Studio Apt #3"
42.35925,-71.07145,235.0,"Beacon Hill, J. Miller Flats - Studio Flat #5"
42.358532,-71.070816,276.0,"Beacon Hill, J. Miller Flats - 1 Bedroom Flat #2"
42.358532,-71.070816,263.0,"Beacon Hill, J. Miller Flats - 1 Bedroom Flat #4"
42.358532,-71.070816,248.0,"Beacon Hill, J. Miller Flats - 1 Bedroom Flat #6"
42.358532,-71.070816,218.0,"Beacon Hill, J. Miller Flats - Studio Flat #7"
42.358532,-71.070816,253.0,"Beacon Hill, J. Miller Flats- 1 Bedroom Flat #8"
42.36140769684224,-71.06710131495097,150.0,Beacon Hill boston best 3 bed apt
42.30628,-71.07934,85.0,Welcoming Boston room with free parking
42.30737,-71.07952,85.0,Masters bed room in Boston with free parking
42.34273169999999,-71.05663919999999,231.0,"Blueground | S. Boston, nr restaurants & shops"
42.34273169999999,-71.05663919999999,274.0,"Blueground | S. Boston, nr restaurants & shops"
42.34524,-71.06394,277.0,"Blueground | South End, nr ink block, gym"
42.34344,-71.10094,452.0,Sonder at Pierce Boston | One-Bedroom Apartment
42.35082,-71.07943,495.0,Back Bay Condo Entire Floor w/ Private Elevator
42.34431,-71.1009,311.0,Sonder at Pierce Boston | Accessible Queen Studio
42.34407,-71.10296,692.0,Sonder at Pierce Boston | Two-Bedroom Apartment
42.36790986627192,-71.05250598747773,13000.0,City Studio Suite
42.35989,-71.06651,178.0,Beacon Hills Studio next to State house 3
42.31625,-71.0771,200.0,Modern & Cozy 3-BR Condo near Downtown
42.25812,-71.12023,300.0,CSK Palour  lovely 3 bedrooms
42.36017,-71.06484,115.0,Amazing one bed apt in beacon hill with backyard
42.3511785,-71.0869735,260.0,"Blueground | Back Bay, nr newbury & t"
42.34479,-71.10123,402.0,Sonder at Pierce Boston | Queen Studio Apartment
42.34303,-71.10301,1228.0,Sonder at Pierce Boston | Three-Bedroom Apartment
42.35892,-71.05416,329.0,"Blueground | Downtown, gym, nr faneuil hall"
42.33855729999999,-71.06907079999999,290.0,"Blueground | S. End, gym, w/d & pool, nr sowa"
42.36504,-71.06029,331.0,"Blueground | N. Station, roofdeck, nr td garden"
42.3608,-71.14287,139.0,Cozy Stay Near Harvard/BU/BC With Parking
42.3836,-71.07796,206.0,Sunny private bed/bath/entrance 5min walk 2 train
42.36103090207266,-71.06517672302819,145.0,Most lovely 3 Bedroom apt in Beacon Hill Boston
42.36025332704906,-71.0673913389887,106.0,Beacon Hill studio1queensizeBed downtown boston
42.34133,-71.0755,194.0,"(T7) Clean, Easy, Prime Location, Walkable to all!"
42.33672,-71.04591,96.0,Thatch Quarters™ | Pvt. Room in Southie | 101 DOT
42.33808,-71.14987,241.0,Sun-Filled w/ City Views public transportation
42.34201,-71.05557,108.0,Thatch Quarters™ | Pvt. Room in Southie | #202
42.31607,-71.07184,206.0,Spacious Dorchester Retreat | 2-bdrm condo
42.35664,-71.07152,83.0,Stay Next to Public Garden | Back Bay |MGH
42.28705978393555,-71.1190414428711,206.0,Mod Boston Condo w/ Home Office & Video Games
42.31667,-71.10807,75.0,"Classic JP Triple Decker Condo, Walkers' Paradise"
42.34181,-71.05633,112.0,Thatch Quarters | Pvt. Room in Southie | 203
42.34343,-71.05575,111.0,Thatch Quarters™ | Pvt. Room in Southie | 204
42.34182,-71.05615,206.0,Thatch Quarters™ | Pvt. Room in Southie | 205
42.34353,-71.05614,206.0,Thatch Quarters™ | Pvt. Room in Southie | 206
42.3496611,-71.0814631,275.0,"Blueground | Back Bay,  a+ shopping & dining"
42.34241,-71.05772,114.0,Thatch Quarters™ | Pvt. Room in Southie | 302
42.3496453,-71.0813703,318.0,"Blueground | Back Bay,  a+ shopping & dining"
42.3452,-71.0728,139.0,(37-2) Stylish Monthly Gray Street Apartment
42.2683523887178,-71.09562906010238,285.0,One Bedroom Minutes from Train & Downtown Boston
42.3430459867776,-71.05572826729508,108.0,WB Quarters by Thatch | Room 304 | Shared BA
42.34316,-71.0557,107.0,Thatch Quarters™ | Pvt. Room in Southie | 305
42.34151,-71.05573,107.0,Thatch Quarters™ | Pvt. Room in Southie | 306
42.34348,-71.05727,110.0,Thatch Quarters™ | Pvt. Room in Southie | 402
42.36124,-71.12376,206.0,Sunny private apartment Harvard/BU/Charles Rvr/MIT
42.3431,-71.05742,109.0,Thatch Quarters™ | Pvt. Room in Southie | 403
42.34177,-71.05555,104.0,Thatch Quarters™ | Pvt. Room in Southie | 404
42.34311,-71.05769,118.0,Thatch Quarters™ | Pvt. Room in Southie | 405
42.35229,-71.05911,300.0,"Blueground | Downtown, gym & w/d, nr sth station"
42.35229,-71.05911,339.0,"Blueground | Downtown, gym & w/d, nr sth station"
42.35229,-71.05911,329.0,"Blueground | Downtown, gym & w/d, nr sth station"
42.35229,-71.05911,372.0,"Blueground | Downtown, gym & w/d, nr sth station"
42.35229,-71.05911,360.0,"Blueground | Downtown, gym & w/d, nr sth station"
42.30843,-71.06155,197.0,Lovely 2BR with private parking 15-20m to Downtown
42.33654,-71.04408,97.0,Thatch Quarters™ | Pvt. Room in Southie | 103 DOT
42.33683,-71.04604,96.0,Thatch Quarters™ | Pvt. Room in Southie | 104 DOT
42.33668,-71.04592,96.0,Thatch Quarters™ | Pvt. Room in Southie | 202 DOT
42.33465,-71.04447,96.0,Thatch Quarters™ | Pvt. Room in Southie | 201 DOT
42.33476,-71.04544,117.0,Thatch Quarters™ | Pvt. Room in Southie | 203 DOT
42.34945,-71.09717,225.0,Fenway Park Vintage Brownstone (2C)
42.33462,-71.04459,117.0,Thatch Quarters™ | Pvt. Room in Southie | 302 DOT
42.36516,-71.05531,273.0,Central 2 Bed in North End; Near Waterfront &Shops
42.33512,-71.04409,96.0,Thatch Quarters™ | Pvt. Room in Southie | 303 DOT
42.365719,-71.0553517,312.0,"Blueground | N. End, w/d on salem st, nr dining"
42.365947,-71.063473,343.0,"Blueground | N Station, gym & w/d, nr td garden"
42.365947,-71.063473,400.0,"Blueground | N Station, gym & w/d, nr td garden"
42.34009427549511,-71.07131623063711,171.0,Boston’s Historic South End!
42.33528074215172,-71.04608726246296,117.0,Thatch Quarters| Pvt. Bunk Room in Southie | 304
42.3348,-71.04473,96.0,Thatch Quarters™ | Pvt. Bunk Room in Southie | 305
42.32062,-71.0568,52.0,I_Cozy room easy commute to Boston Downtown.
42.36014,-71.14429,206.0,Private Room w/ twin Alcove near Charles River
42.3511858,-71.06401699999999,334.0,"Blueground | Theatre District, gym, nr boylston t"
42.365947,-71.063473,324.0,"Blueground | N Station, gym & w/d, nr td garden"
42.38032,-71.02937,111.0,Eagle's Landing - Logan Airport
42.28408,-71.13138,206.0,Roslindale 3 bdr 2000 sqft  home with free parking
42.34449130000001,-71.086708,305.0,"Blueground | Symphony, doorman & biz center"
42.34518,-71.08706,303.0,"Blueground | Symphony, doorman & biz center"
42.31124,-71.1163,206.0,Spacious 4+ bedroom in central Jamaica Plain
42.32745,-71.0943,115.0,Lovely two bedroom apartment on a 2 floor unit.
42.343246607901605,-71.076681302475,238.0,Private 1 Queen Bed S.End Sunroom (no smoke/pet)
42.29725,-71.06725,498.0,The Boston Chateau
42.34449,-71.08671,310.0,"Blueground | Symphony, doorman & biz center"
42.36079,-71.12893,303.0,Recently Renovated Allston 2 Bdr Apt Near Harvard
42.32354,-71.10884,206.0,1-bd apt in Jamaica Plain w/ parking near Longwood
42.36038,-71.06589,120.0,Affordable Cozy 2 bed room apt Beacon Hill Boston
42.30805,-71.07671,258.0,"Charming Urban Oasis- 3-BR Apt, Centrally Located"
42.33856,-71.06907,256.0,"Blueground | S. End, w/d & Gym, nr sowa district"
42.34767,-71.13383,209.0,"Blueground | Allston, gym, nr green line"
42.348633,-71.074088,338.0,"Blueground | Back Bay, gym, nr newbury st"
42.34992,-71.06943,339.0,"Blueground | Back Bay, w/d & gym, walk to t"
42.35892,-71.05416,297.0,"Blueground | Downtown/Financial Dist, w/d & gym"
42.2865,-71.03959,596.0,"(DR79) Spacious Home, Near City, w/d Roof Deck!"
42.36495,-71.05249,279.0,Prime Central 1brm in North End Boston
42.36611,-71.05918,622.0,Central 4 Bed 2 Bath near MGH and Waterfront
42.28263473510742,-71.12765502929688,63.0,Welcoming large bedroom
42.35805,-71.06792,120.0,Lovely 1 bedroom apartment in downtown Boston
42.32543,-71.10734,334.0,Family-friendly House at Prime Location
42.35823565460668,-71.06924159274057,130.0,Comfortable 2-bedroom apartment in downtown Boston
42.35504531860352,-71.06221008300781,216.0,Studio in the Heart of Boston!
42.33626,-71.08569,288.0,"South End,2 bed, in unit lau,cen air, Northeastern"
42.32789,-71.08992,189.0,Modern & Spacious 4-Bedroom Apartment in Roxbury
42.34074,-71.07696,218.0,(T5) Prime Location! Great Restaurants! SE Studio!
42.330807,-71.112587,194.0,"2Bedroom - WALK to subway, hospitals, food, & more"
42.3511858,-71.06401699999999,314.0,"Blueground | Theatre District, gym, nr boylston t"
42.35504531860352,-71.06221008300781,155.0,"Boston Studio, Ready For Long & Short Stays"
42.35624,-71.07335,162.0,City Oasis | Step into Public Garden & Back Bay
42.32633,-71.09019,60.0,"Modern Private Room, Minutes from Downtown Boston"
42.3511858,-71.06401699999999,320.0,"Blueground | Theatre District, gym, nr boylston t"
42.34344,-71.15595,96.0,Paris style bedroom in a quiet Boston area
42.3613,-71.06494,145.0,Cozy 2-bedroom apartment in downtown Boston
42.36153,-71.06487,104.0,Lovely studio in downtown boston
42.36182,-71.0654,140.0,Lovely 2 bed 2 bath beacon hill downtown boston
42.37155,-71.04287,257.0,"Full 1 BDR Apt W/ Harbor Front, Skyline Views"
42.34868,-71.13847,196.0,"1 Bdrm Condo w Parking, near BU BC, St Elizabeth"
42.33105,-71.09765,206.0,Welcoming Bedroom 1
42.33856,-71.06907,297.0,"Blueground | S. End, w/d & gym"
42.29677,-71.08227,76.0,"Nice, private bedroom in Boston, close to T."
42.35085,-71.08205,274.0,Lovely Studio | Walk to Prudential & Newbury St
42.34992,-71.06943,438.0,"Blueground | Back Bay, laundry & gym"
42.29756,-71.11414,165.0,Stylish 1BR apartment near Arboretum + Peloton Row
42.33391,-71.05338,345.0,Lovely Two Bedroom Condo in South Boston
42.36595,-71.06347,365.0,"Blueground | Somerville, gym & w/d, nr green line"
42.36149,-71.14515,46.0,Sunlit Corner Room in Shared Apt Near Everything
42.346661,-71.139252,139.0,Brookline Brighton Allston private studio  Parking
42.27189,-71.11775,58.0,1 bedroom in owner-occupied condo.
42.32107,-71.05923,117.0,Boston studio close to JFK Station
42.31967,-71.05772,119.0,Boston New One bedroom close to JFK station
42.32087,-71.05931,89.0,Studio in Boston close to T and shopping
42.31968,-71.0574,125.0,"Boston new one bedroom, close to T and beach"
42.35587,-71.15837,59.0,Large Sunny room free parking
42.35376,-71.05305,295.0,"Blueground | Downtown, gym & concierge, nr t"
42.28162,-71.12219,494.0,"Gorgeous 3-story, 3-bedroom home"
42.28223,-71.12189,206.0,Private room in a cheerful home with dogs
42.35063934326172,-71.08123779296875,250.0,Stylish living in the heart of Backbay new in Abnb
42.274357,-71.088326,191.0,Cozy studio with kitchenette and private bathroom
42.32992410000001,-71.1043268,283.0,"Blueground | Longwood, nr green & orange lines"
42.3525,-71.16243,43.0,Charming Getaway with Smart TV and Full Kitchen
42.344532,-71.079376,325.0,"Cozy, adorable 1 bedroom private apartment M365-2"
42.33849,-71.07591,277.0,"(W5) Spacious Studio, Location! Dining & Shopping+"
42.33729,-71.08545,288.0,"South End,2 bed, in unit lau,cen air, Northeastern"
42.28377,-71.12212,206.0,Private floor with home office in a house w/ dogs
42.33559,-71.0837,325.0,"New renovation ,elevator, in unit laun, South End"
42.34132,-71.07847,467.0,Cute and Cozy Studio!
42.35849,-71.06928,130.0,Lovely 1 bedroom apartment in Beacon Hill Boston
42.35221,-71.08263,179.0,"Back Bay Cute Studio, Walk to Prudential & Newbury"
42.35862,-71.06927,133.0,Wonderful 2 Bedroom in Beacon Hill Boston
42.27872,-71.07145,102.0,Prime City Location: Private Suite-separate entry.
42.32499,-71.08531,206.0,Stunning 1 Bedroom Victorian | Mins to Downtown
42.32441,-71.08664,188.0,Stunning Victorian with Office | Mins to Downtown
42.35884,-71.06953,145.0,Wonderful 2-bedroom apt in Boston Beacon Hill
42.35864,-71.06899,173.0,Wonderful 1bedroom apartment Boston
42.32173,-71.1113,266.0,Beautiful single family home in Jamaica Plain
42.25022,-71.12842,82.0,Cheerful 1-bedroom in a home
42.352,-71.14877,145.0,"Cozy Top floor apt by St Elizabeth, BU, BC w/ Park"
42.30009,-71.07765,161.0,New Modern Apt in Boston (3 Bedroom)
42.360678482410094,-71.06685274276525,160.0,Lovely 4 Bedroom in Boston Beacon Hill
42.2938741,-71.1524408,275.0,2BR DOG-Friendly Apt in 2-Fam Home - Comfy Retreat
42.38011534792514,-71.03065337603267,206.0,Historic Home with Parking in East Boston
42.34253,-71.07674,161.0,"(T1) Budget Friendly, South End Studio, Crowd Fav!"
42.34853335191449,-71.10454676740507,322.0,Top Floor Fenway 1br w/ Patio | Keyless Entry
42.25279,-71.11463,90.0,Lovely - 1 bed room  Penthouse Suite free parking
42.33563,-71.08578,269.0,2BR/2BA South End Gem | Steps to Northeastern
42.27376,-71.17007,300.0,Top of the Hill Townhouse
42.32094,-71.07895,206.0,Upscale Unit 1 at Perrin Place.
42.32917,-71.0533,263.0,Newly renovated -2 Bedroom Condo
42.33999439999999,-71.0814304,206.0,"Blueground | South End, nr t, shops & dining"
42.3438654,-71.0880786,230.0,"Blueground | Symphony, next door to laundry"
42.36969,-71.03944,223.0,Eastie Gem: Taste of local life by the waterfront
42.34997,-71.09185,234.0,(KA) Between Back Bay and Kenmore Square (Fenway)!
42.34938,-71.09293,809.0,Luxurious Fenway 2BR Penthouse w/ Roof Deck
42.3364,-71.08554,259.0,"Northeastern,Boston Medical,in unit laundry,C/A"
42.30711180000001,-71.1121067,388.0,Cheerful 4-bedroom home with backyard and patio
42.348129,-71.080849,458.0,"Blueground | Back Bay, gym, w/d, fully furnished"
42.27901,-71.1153,136.0,"Basement Studio w/ Kitchenette, Privacy, NEW BED!"
42.34041,-71.06949,286.0,"Luxury 1Bed Loft, 2 Baths, Central Air, South End"
42.36759,-71.03371,230.0,Modern Apt Central to Logan Airport & Downtown
42.2945,-71.13955,388.0,Beautiful  single family house built on a hill
42.3504614,-71.0579946,175.0,"Downtown Loft 2 Bedroom, Location"
42.365947,-71.063473,352.0,"Blueground | N Station, gym & w/d, nr td garden"
42.365947,-71.063473,350.0,"Blueground | N. Station, w/d & gym, nr td garden"
42.33599,-71.04715,206.0,Loft Penthouse Steps Off Broadway!
42.2751934,-71.094881,88.0,Karlie’s Place mini suite
42.35652,-71.13679,406.0,Sunny 3 bed. Bu BC Harvard Boston landing&Hospit.
42.3583,-71.0693,122.0,Nice 1 bed apt with extra bed @living room boston
42.32992410000001,-71.1043268,255.0,"Blueground | Longwood, nr mission park"
42.34782782682846,-71.09417717227724,243.0,Lovely Fenway 1br | New to Airbnb!
42.34872175421694,-71.14571596482669,159.0,Luxury apt for monthly rental.
42.2678,-71.12603,71.0,Bright & Cozy Studio w/free Parking and Wifi
42.35979,-71.06557,148.0,Amazing Beacon Hill three bed two bath apt
42.34408,-71.07934,426.0,Copley House Premium Studio
42.35974,-71.06582,125.0,Most attractive 1 bedroom apt with 2 beds Boston
42.2736,-71.07226,217.0,Fantastic 3 bedroom Condo.Everything is brand New!
42.27173,-71.07147,118.0,Newly Renovated oversized Studio unit
42.3496453,-71.0813703,206.0,"Blueground | Back Bay, w/d, nr green line"
42.36029,-71.06609,100.0,Lovely beacon hill one bed room apt with two beds
42.36091,-71.06944,135.0,Amazing two bed room apt in boston beacon hill
42.36023,-71.0711,135.0,Great 3bedroom apt in downtown Boston
42.27282,-71.07049,319.0,Lovely 3 Bedroom In Boston
42.3550474,-71.0622106,216.0,One Bedroom By Boston Common
42.37017,-71.0614,336.0,Serenity - 36’ Aft Cabin Carver
42.25127,-71.11544,324.0,A sunny haven in the city!
42.37449,-71.06198,206.0,The Hideaway in Charlestown
42.35442865544264,-71.0755918174982,112.0,Back Bay Gem: Cozy 1 bedroom Condo (main floor)
42.36151,-71.14337,46.0,"Large Room w/ Bath in Furnished Apt, good Wifi!"
42.365947,-71.063473,279.0,"Blueground | N. Station, w/d & gym, nr td garden"
42.36455,-71.0687657,281.0,"Blueground | Beacon Hill, furnished & equipped"
42.3223593,-71.1127947,328.0,Lovely 2-Bedroom Condo by Jamaica Pond
42.365947,-71.063473,337.0,"Blueground | N. Station, w/d & gym, nr td garden"
42.32001,-71.07952,156.0,"Private 1bed1bath, Free parking! Transit closeby"
42.35907,-71.06728,135.0,Top quality 3 bed apt in heart of Boston
42.3511858,-71.06401699999999,373.0,"Blueground | Downtown, gym, nr theater district"
42.34268369999999,-71.05653339999999,221.0,South Bos. W. Broadway - 1 BR 1 BA #301
42.34268369999999,-71.05653339999999,179.0,South Bos. W Broadway - 1 BR 1 BA #401
42.34268369999999,-71.05653339999999,178.0,South Bos. W Broadway - 1 BR 1 BA #201
42.31135,-71.04706,247.0,Renovated Top Floor 1 Bedroom Condo in Savin Hill
42.34914,-71.0807,391.0,Sonder The Magnolia | Queen Suite+
42.35039,-71.0821,291.0,Sonder The Magnolia | Accessible Queen Suite+
42.35057,-71.08177,472.0,Sonder The Magnolia | Superior Queen Suite+
42.27871,-71.09947,51.0,Love and tranquility
42.35151,-71.16219,206.0,Well-Lit Bedroom near Transit and Charles River
42.365947,-71.063473,355.0,"Blueground | N. Station, w/d & gym, nr td garden"
42.365947,-71.063473,330.0,"Blueground | N. Station, w/d & gym, nr td garden"
42.35713,-71.13,206.0,"(F) Comfortable bedroom near BU, MIT & Harvard"
42.3793231,-71.031711,442.0,Cozy near Airport and Train
42.31344,-71.053,81.0,Master bedroom & bath close to Subway and Downtown
42.3491652,-71.0807758,348.0,"Blueground | Back Bay, w/d, nr Newbury St"
42.3581870820172,-71.05292292238751,381.0,Sleek FIDI Studio | Close to Public Transit!
42.35851859637587,-71.05364896225989,452.0,New! Lovely 1br | FIDI District| Keyless Entry
42.35851418690993,-71.0531663803597,417.0,Spacious 2br FIDI District | Centrally Located!
42.34428399999999,-71.0697069,1034.0,South End Brownstone Duplex
42.3349726,-71.03981770000001,300.0,Luxury South Boston 1 bedroom
42.365947,-71.063473,260.0,"Blueground | N. Station, w/d & gym, nr td garden"
42.34252,-71.08402,199.0,The Ellie House 5- Cozy Back Bay Getaway!
42.36031,-71.06319,168.0,Most Wonderful 3 Bedroom apt in downtown Boston
42.3595,-71.06517,130.0,Top three bed apt in heart of Boston Beacon Hill
42.35916,-71.06713,134.0,Top Newest 4 bed apt Beacon Hill Boston downtown
42.34216,-71.08169,344.0,Stunning South End 1BR - private roof deck
42.2882,-71.09446,275.0,Five75 Lux BOS - Boho Chic
42.365947,-71.063473,331.0,"Blueground | N. Station, w/d & gym, nr td garden"
42.34821,-71.08002,399.0,Modern Huge 2bed 2bath Apartment Back bay
42.348633,-71.074088,319.0,"Blueground | Back Bay, gym & roof, nr copley sq"
42.36038,-71.06824,125.0,Marvelous 1 bed room with nice living room 2 beds
42.29687,-71.11235,182.0,Lovely 3bedroom apartment in Boston
42.36164,-71.06365,168.0,Top 3 bedroom apt with 3 beds in downtown Boston
42.36033,-71.06328,168.0,Sweetest 3bed room apt Boston BeaconHill topdeal
42.35952,-71.06485,140.0,TopWonderful 2-bedroom in boston down beacon hill
42.36006,-71.06725,125.0,Best 1- bedroom w cozy living room w 2 beds /view
42.300817,-71.11233469999999,208.0,"Blueground | Jamaica Plain, w/d, nr t station"
42.3124907,-71.1023494,316.0,Spacious Family Friendly Single-Family Home in JP
42.348633,-71.074088,358.0,"Blueground | Back Bay, gym & roof, nr copley sq"
42.35742713365388,-71.05498999345882,390.0,Spacious FIDI 2br/1br | Close to Everything!
42.35871,-71.05515,266.0,Lovely FIDI Studio | Close to Faneuil Hall!
42.33305499999999,-71.0487466,272.0,Clean and convenient!  Walk to Boston highlights!
42.35147,-71.13247,113.0,AL/R4 Spacious & Sunny Room in Best Boston area!
42.27324,-71.16277,110.0,Divine Studio  suburb of Boston
42.3496958,-71.081231,315.0,"Blueground | Back Bay, w/d, nr copley t"
42.3496611,-71.0814631,316.0,"Blueground | Back Bay, w/d, nr copley t"
42.35345,-71.13951,123.0,1 Free parking spot - Small & Cozy studio - Clean
42.34433,-71.08268,186.0,Walk everywhere! Location! Location! Cute studio!
42.34453,-71.08284,275.0,Walk everywhere! Two BR Apartment! Super location!
42.36006947820068,-71.06982169770791,206.0,Lovely 2 bed room apt in heart boston beacon hill
42.32153,-71.05485,148.0,10 minutes to downtown Boston
42.35837,-71.06797,119.0,Most lovely 2 room studio boston heart beacon hill
42.35904379999999,-71.0535238,406.0,Marriott Custom House
42.35822,-71.06583,127.0,Lovely 1 bed room with 2 beds boston beacon hill
42.3173486,-71.0929748,269.0,Cozy 3-Bedroom Home w/ Queen Beds and More
42.35979,-71.06535,125.0,Most Amazing 2 Bedroom apt in Beacon Hill Boston
42.2964,-71.05882,126.0,Lovely one bedroom Apartment in Boston.
42.35738,-71.07152,788.0,"Beacon Hill, J. Miller Flats - 3 Bedroom Flat #1"
42.3088302,-71.0602971,160.0,Close 2 City SwankyModrn  Unit w Centrl Air
42.36017,-71.07099,106.0,Most affordable 2 room studio Boston beacon hill
42.27838,-71.15953,356.0,W.R. Private apt on flr 2 sleeps 6 3 beds
42.35888,-71.07127,127.0,Exquisite 3 bedroom apt in Boston Beacon Hill
42.38255,-71.07385,165.0,"Luxury Condo Near DT | Fast Wi-Fi, Gym, Workspace"
42.28288,-71.139,134.0,Cozy Renovated Suite w/Free St Parking near Train
42.36472,-71.05683,248.0,North End/TD Garden Condo w/Rooftop Deck
42.35675344797994,-71.05471005204328,532.0,Cozy 2br in Boston FIDI District
42.35701237566666,-71.05481246796076,442.0,Lavish FIDI 2br/2ba | Close to everything!
42.356952467586254,-71.05509589038489,445.0,2br/2ba FIDI Apt | Keyless Entry | Walk anywhere!
42.35883208439192,-71.05460809946901,469.0,Bright and Bold 2BR | Minutes from the T!
42.34982,-71.06879,502.0,Condo in downtown Boston
42.34051,-71.14498,342.0,"BC/BU - Beautifully Renovated Penthouse 
3-BR/2-BA"
42.365947,-71.063473,412.0,"Blueground | N Station, w/d & gym, nr td garden"
42.348129,-71.080849,327.0,"Blueground | Back Bay, gym, nr Copley Sq"
42.34236,-71.08233,300.0,"The Ellie House 11, Back Bay, 2 bed!"
42.34244,-71.08176,230.0,The Ellie House 8- Fan Favorite! Back Bay! W/D
42.36193,-71.14457,210.0,5BR 2BTH Bright & Spacious  Apt in Brighton
42.27827,-71.09892,56.0,Juan & Wendy's Gateway#1
42.35825,-71.05526,504.0,"Bold, Spacious 2br in Boston's Financial District"
42.35878332685929,-71.05506999156788,608.0,Airy 2BR | Fidi Boston | Walk anywhere!
42.356589950524445,-71.05380253226004,462.0,Beautiful 2BR In FIDI Boston | Self Check-in
42.35727981525896,-71.05497914089749,441.0,FIDI Boston Lovely 2BR | Close to the T!
42.35681644219281,-71.05324444850807,506.0,Gorgeous Boston 2BR | Financial District
42.3579815584475,-71.05506052287039,557.0,Open Air 2BR | FIDI Boston | Close to Everything!
42.3580831477226,-71.05316686351354,485.0,FIDI 2br | Keyless Entry | Fully Furnished
42.35661866605673,-71.05438096977204,447.0,Wonderful FIDI 2br | Keyless Entry
42.35724,-71.053,353.0,Warm 1BR in Boston FIDI | Close to Everything!
42.35866684098461,-71.05489370532862,336.0,Comfy Financial District 1br | Keyless Entry
42.35884,-71.05493,332.0,Spacious 1br In Boston FIDI | Close to T!
42.35832,-71.05316,338.0,Bright FIDI 1br | Centrally Located
42.35958,-71.06504,140.0,Most attractive 2 bed 2 bath apt in downtownBoston
42.366,-71.03254,70.0,Brand New 1 Private Room East Boston Jeffries Pt
42.29267,-71.06143,206.0,"Private bedroom, shared bath, off-street parking"
42.33581,-71.03809,1000.0,South Boston Best Location!
42.33331,-71.10498,162.0,Cute Efficiency Unit in Longwood/Fenway
42.33186,-71.10578,132.0,Cozy Longwood-Fenway Studio
42.38509,-71.00395,392.0,Chic Condo near T Station & Airport.
42.38513940000001,-71.00392049999999,326.0,T-Stop Getaway: Stylish Condo by the Logan Airport
42.38831,-70.996,201.0,"2bd Apt, 3 min walk to train, 7min to airport"
42.2981,-71.07053,311.0,Spacious 4BR in Boston – Clean & Near Transit
42.2960199,-71.0808613,416.0,New! Luxurious 3-BR Apt (7B2) Near Downtown Boston
42.3082134,-71.11154549999999,351.0,All new 2-bedroom garden apartment on great block.
42.36845,-71.03757,195.0,New 2BR|2BA Condo in Jefferies Point with Backyard
42.3356856,-71.0428472,182.0,"Blueground | South Boston, nr restaurants"
42.35431,-71.07596,204.0,(140R) Bohemian Back Bay Studio Retreat
42.36181,-71.06578,157.0,Lovely 4bed room apt@ beacon hill boston Downtown
42.33148,-71.05142,206.0,Chic Private Room Near Red Line & Old Harbor Beach
42.33327,-71.05132,76.0,"Bright Cozy Room, Steps from Red Line & Beaches"
42.3496958,-71.081231,316.0,"Blueground | Back Bay, w/d, nr newbury st"
42.3497116,-71.0813239,301.0,"Blueground | Back Bay, w/d, nr newbury st"
42.27188,-71.08839,68.0,Boston room's and studios in boston ma.usa
42.29525,-71.08216,48.0,Lovely 1-Bedroom close to public transportation.
42.29734,-71.0831,206.0,Spacious 2bd/1ba in Dorchester 1256
42.34313909999999,-71.09659100000002,297.0,"Blueground | Fenway, gym & w/d, nr fenway t"
42.2751989,-71.0761706,125.0,Boston arbor oasis - cute one bedroom suite
42.28767,-71.07114,73.0,Lovely 420 friendly home
42.34757,-71.10204,356.0,"Luxury 2Bed, 2Bath, Near BU, Hospitals, Fenway"
42.35945,-71.06521,120.0,Lovely 2 bedroom apt Beacon Hill Boston downtown
42.36003,-71.06897,135.0,Amazing 3Bedroom Apartment in Beacon Hill
42.34742,-71.10491,195.0,Gorgeous Audubon Circle Studios (4)
42.3487,-71.10437,253.0,Cozy Fenway 1Br/1Ba | Close to Fenway Park!
42.348129,-71.080849,273.0,"Blueground | Back Bay, w/d, nr Newbury St"
42.35017,-71.08923,131.0,Beautiful Back Bay 1 BR on Commonwealth Ave
42.37146,-71.03357,272.0,4BD/2BA w/ 2 King Beds! Near Airport and Subway.
42.34938,-71.0836,590.0,"(5G2) Beautiful Duplex, W/D, Best Location!"
42.33339,-71.0519,206.0,"Southie Living by Seaport, Red Line, Beach & Bars"
42.37628,-71.03818,92.0,"Modern, Luxury Apartment Near Downtown Boston"
42.2932,-71.06254,333.0,Newly renovated. 10 mins to Boston. 3bds+2brs Apt.
42.3167812,-71.1068123,120.0,"Sunshine, Laundry-in-unit, Designated work area"
42.3511858,-71.06401699999999,410.0,"Blueground | Chinatown/Theater Dist, gym, nr t"
42.35581,-71.15674,136.0,Boston In-law Suite with Private Entrance
42.365947,-71.063473,397.0,"Blueground | N Station, w/d & gym, nr td garden"
42.35038,-71.06412,206.0,"Downtown Studio Apt, near Tufts Med, BMC, MGF"
42.37815119660565,-71.03183518957874,150.0,Beautiful  and Cozy Apartment!
42.3206,-71.05697,66.0,B_Large room easy commute to Boston Downtown.
42.32233,-71.05546,54.0,D_Lovely room easy commute to Boston Downtown.
42.25809,-71.12244,142.0,Hidden Gem  right in the city of Boston !
42.31123,-71.08625,550.0,Sunny Hill Garden Unit 2
42.34406,-71.07557,893.0,Beautiful South End 2BR apartment
42.3775,-71.05864,206.0,Cheerful 2-bedroom house
42.37859,-71.03479,142.0,Sunny room with private en suite bathroom
42.34248,-71.08748,610.0,"Location, Location, Location! - Luxury 3 Bedrooms"
42.35999,-71.14328,47.0,Comfortable Living in Furnished Private Room
42.2611332,-71.1158162,74.0,Trendy Escape 3 bedroom Hostel with patios
42.26222,-71.11491,250.0,Trendy Escape 2
42.28509,-71.14088,198.0,Transit friendly condo on quiet street
42.30837,-71.11098,209.0,Peaceful Garden Apartment
42.36536,-71.05187,232.0,Ideal North End 1brm Central To Everything
42.3491,-71.08513,725.0,"(5G1) 2 Bedroom, BackBay, Newbury Street, Location"
42.3650387,-71.0602864,383.0,"Blueground | N Station, terrace, nr td garden"
42.36599,-71.03674,191.0,Classic & stylish condo near iconic Boston Harbor
42.32821,-71.11177,499.0,Lovely luxury 2Ba 2Ba Lake view Boston
42.35935,-71.06354,206.0,Charm & Relaxing Studio near MGH
42.35147,-71.16237,206.0,"Cozy Room Near Charles River, Shops, and Dining"
42.31798,-71.05273,240.0,"Last Minute Deals, Experience Boston, FREE Parking"
42.34921,-71.04141,448.0,Outstanding apartment in Seaport
42.32862,-71.11265,699.0,Outstanding luxury 2Br 2Ba apartment
42.32869,-71.11064,499.0,Spacious 3Br2Br apartment with astonishing view
42.3522851,-71.05910879999999,314.0,"Blueground | Downtown/Financial Dist, w/d & gym"
42.33769997569087,-71.04779206216335,425.0,Boston Townhouse - 3bd / 2.5ba - Central Location
42.3496611,-71.0814631,286.0,"Blueground | Back Bay, w/d, nr copley t"
42.3474674,-71.1332006,236.0,"Blueground | Allston, gym & w/d, nr griggs t"
42.3496453,-71.0813703,325.0,"Blueground | Back Bay, w/d, nr newbury st"
42.33349,-71.04808,518.0,"PH City Views, Spacious 2 Bed/2 Bath w/ 2 Decks"
42.3477,-71.04169,399.0,Cozy 1Br1Ba apartment with water view
42.3522851,-71.05910879999999,295.0,"Blueground | Downtown/Financial Dist, w/d & gym"
42.3474674,-71.1332006,245.0,"Blueground | Allston, gym & w/d, nr griggs t"
42.3491652,-71.0807758,479.0,"Blueground | Back Bay, gym, nr Prudential Center"
42.3704059242531,-71.03423446151498,80.0,Private bedroom next to Logan Airport
42.30159,-71.07647,444.0,New spacious 4BR w/ keyless entry& free st parking
42.3460970337773,-71.07256090149903,497.0,*NEW* 3 BR South End Duplex with A/C in the city!
42.3511858,-71.06401699999999,416.0,"Blueground | Theatre District, gym, nr theaters"
42.347766,-71.13362289999999,206.0,"Blueground | Allston, gym & w/d, nr griggs t"
42.324499935324376,-71.0821790504146,148.0,Private Room in Quaint Victorian Home
42.3846216,-71.00165059999999,193.0,"Minutes to Airport, Train, Downtown & Free Parking"
42.359547,-71.0634099,329.0,"Blueground | Beacon Hill, w/d, nr boston common"
42.35931,-71.06947,363.0,"(63-3) Beacon Hill, Location! near MGH &T station!"
42.3775,-71.06687,435.0,2 Story Charlestown Gem
42.31346,-71.1084,80.0,Shady Sage Hideaway
42.279479136551686,-71.15932762726267,86.0,Private double bed for  one or two on flr 2
42.34988,-71.04433,451.0,Chic Apt Seaport
42.33977,-71.07719,212.0,(W2) South End Studio w/Kitchen
42.36716,-71.03568,169.0,Studio Getaway
42.3511858,-71.06401699999999,206.0,"Blueground | Chinatown/Theater Dist, gym, nr t"
42.359547,-71.0634099,334.0,"Blueground | Beacon Hill, w/d, nr boston common"
42.29318,-71.06116,70.0,"Private bedroom, private bath, off-street parking"
42.34450252864977,-71.08865586441802,213.0,Symphony Suites #1 | Back Bay & Fenway
42.3511858,-71.06401699999999,315.0,"Blueground | Chinatown/Theater Dist, gym, nr t"
42.359547,-71.0634099,344.0,"Blueground | Beacon Hill, w/d, nr boston common"
42.3527433,-71.12187410000001,237.0,"Blueground | Allston, nr boston u & green line"
42.3527433,-71.12187410000001,253.0,"Blueground | Allston, nr boston u & green line"
42.3527433,-71.12187410000001,254.0,"Blueground | Allston, nr boston u & green line"
42.28212,-71.13348,248.0,Modern 1BR apt in Boston’s Roslindale Village
42.296516843531954,-71.08035517801416,206.0,"*NEW, No sofa beds, Private, King bed, free parkin"
42.3585533,-71.06614259999999,1000.0,Rare Beacon Hill Gem
42.35936740577958,-71.06949858833637,122.0,Amazing 1 bedroom apt in Boston
42.36667,-71.05215,221.0,Perfect North End Studio
42.35249943901865,-71.0642236854983,206.0,Chinatown Upscale Penthouse Boston Common Pool Gym
42.34822,-71.0692,1558.0,Luxurious & Spacious Townhome
42.36017967439299,-71.06712181856926,123.0,Nicest 1bedroom apt with 2beds in Boston
42.27013,-71.10741,283.0,3 Bed Large Boston home for groups with parking
42.358534336470825,-71.06795589245175,129.0,Boston 2 Bedroom Apartment
42.27713,-71.08175,26.0,A Sweeter Place (C) managed by Andrea
42.35112,-71.0584,299.0,Luxury apt in Downtown Boston
42.32428,-71.07315,327.0,Hidden Gem 2 BR/1BA near Zoo 3 mil downtown Fenway
42.360798857003445,-71.06740890836511,130.0,Heart of Boston 1 bed 1 sofa bed
42.3522851,-71.05910879999999,206.0,"Blueground | Downtown, w/d & gym, nr greenway"
42.35927181161496,-71.06496319938758,150.0,Boston 3bed apt with an office
42.31971,-71.05937,92.0,"Boston Studio, 7 minute walk to T"
42.35035,-71.0455,206.0,Lux 2Bed/2Bath in Seaport
42.3403176626284,-71.15183288177035,137.0,109S3 | The Strathmore 3 w/AC | 2BR 2BA | Bi-Level
42.34925,-71.0841,1350.0,Art Penthouse / Roofdeck in the Heart of Boston
42.3522851,-71.05910879999999,342.0,"Blueground | Downtown, w/d & gym, nr greenway"
42.36593455069983,-71.0355713888855,180.0,One T stop from Downtown
42.27778149851245,-71.1608659183274,71.0,Private twin bed on floor 2 w/ window AC
42.27934864405998,-71.16129037469021,127.0,W.R. room double bed w/ pull out couch w/ a.c.
42.32835,-71.11039,528.0,Luxury water view Boston pond
42.289678488923215,-71.08004640230429,225.0,Boston's Finest 2 Bedroom Home
42.36024,-71.06741,117.0,Boston Beacon Hill Studio Double bed
42.35824311593556,-71.06601636102484,95.0,Beacon Hill 2 bed apt affordable
42.26668,-71.12718,168.0,Entire 2BR home near shops & public transportation
42.322700702865255,-71.09304891117581,300.0,Fort Hill/Highland Park Townhome
42.3650387,-71.0602864,432.0,"Blueground | North Station, gym, nr td garden"
42.34997,-71.09586,184.0,Walk! Location! Steps from the T! 1 bed 1st floor!
42.3504464,-71.06818659999999,395.0,"Blueground | Back Bay, gym & concierge, nr t"
42.31948,-71.10599,242.0,JP Artist Oasis.
42.37175,-71.05956,336.0,Harbor View - Harbor View
42.3522851,-71.05910879999999,321.0,"Blueground | Downtown, w/d & gym, nr greenway"
42.3522851,-71.05910879999999,343.0,"Blueground | Financial District, gym, nr greenway"
42.34750371880735,-71.10035732780365,206.0,Luxurious 2Br 2Ba unit in fenway
42.346708771466666,-71.15158382803202,231.0,Renovated 3Br/1.5baths. Parking. Great location.
42.29714,-71.08037,155.0,Newly Cozy 1-BR Apt (7B1) Near To Downtown Boston
42.2879258,-71.1399203,265.0,Welcome to Your Private Oasis
42.35882959382679,-71.06726795707483,125.0,Boston 2-bedroom apt w living room
42.365947,-71.063473,244.0,"Blueground | N Station, gym, nr boston landmarks"
42.34846902477936,-71.06763537817953,1614.0,Luxurious & Spacious Townhouse!
42.295936,-71.080832,358.0,New Luxurious 3-BR Apt (9B2) Near Downtown Boston
42.31651,-71.09984,719.0,Gorgeous Victorian House in JP
42.31785580190387,-71.09964724789793,206.0,"Light-filled, stylish JP home"
42.3527433,-71.12187410000001,346.0,"Blueground | Allston, nr boston u & green line"
42.3527433,-71.12187410000001,206.0,"Blueground | Allston, nr boston u & green line"
42.3527433,-71.12187410000001,351.0,"Blueground | Allston, nr boston u & green line"
42.3538601932737,-71.07630671621459,289.0,(J5) Sun Drenched Emerald Back Bay Studio
42.39019714924648,-71.00069295197193,140.0,Studio in East Boston #2
42.25012042866413,-71.13245536960848,139.0,2bd in Quiet boston neighborhood near mbta
42.365947,-71.063473,327.0,"Blueground | N Station, w/d & gym, nr td garden"
42.3511858,-71.06401699999999,387.0,"Blueground | Chinatown/Theater Dist, gym, nr t"
42.365947,-71.063473,452.0,"Blueground | N Station, w/d & gym, nr td garden"
42.27776,-71.11733,500.0,Very Nice 3Bedroom Close To Boston + Free Parking
42.33319799852546,-71.0478741472269,180.0,Updated South Boston Unit with Deck
42.3607929,-71.1262631,116.0,StudioDeluxe near Harvard Business School
42.37856,-71.05927,206.0,1850s Charlestown Cottage
42.389828263890514,-71.00259027290345,140.0,Studio in E. Boston #1
42.34233258756264,-71.06790635025413,206.0,Sunlit 1BR top floor condo in historic South End
42.31201,-71.06022,246.0,Guest Suite on the Hill
42.3321705536188,-71.03590369309421,206.0,"Cozy Private Room with TV,Co-living Apt near BOS"
42.33356815198421,-71.03459422733098,206.0,"Bright Private Room Near Beaches, Public Transit"
42.365947,-71.063473,326.0,"Blueground | N Station, w/d & gym, nr td garden"
42.28358,-71.07115,206.0,Cozy Apartment in Dorchester.
42.36003795522229,-71.12327506728496,770.0,Boston Historical Urban Oasis
42.295945,-71.080569,429.0,New Deluxe 3-BR Apt (7W2) Near Downtown Boston
42.2958734,-71.08054650000001,323.0,A New Deluxe 3-BR Apt (9W2) Near Downtown Boston
42.365947,-71.063473,348.0,"Blueground | N Station, w/d & gym, nr td garden"
42.3511858,-71.06401699999999,368.0,"Blueground | Chinatown/Theater Dist, gym, nr t"
42.32430523674081,-71.06804419511593,162.0,Chic 2BR in the heart of Boston
42.301319,-71.165781,50.0,Cozy room for your trip.
42.34264,-71.10107,399.0,Modern Luxury apt in Watertown
42.27785367509605,-71.16010426966892,65.0,Private room twin bed flr 2 w/ window a.c
42.27818334565676,-71.16146609349464,251.0,W.R. Private furnished utilities inc 3rd floor
42.35902,-71.06542,130.0,Best central Boston 3 bed Apt
42.36020122246841,-71.13151059768532,59.0,Queen Bedroom B in #502: Allston
42.3511858,-71.06401699999999,412.0,"Blueground | Chinatown/Theater Dist, gym, nr t"
42.335234,-71.054872,551.0,"Cozy, comfortable and convenient"
42.297686,-71.113484,252.0,Charming & bright 3bedroom Apt
42.30897348485218,-71.10486996255928,135.0,Centrally located 2b in Boston
42.34777380000001,-71.1460998,212.0,"Blueground | Brighton, w/d, pool & gym, nr t"
42.36517738844505,-71.05263340741818,227.0,Exquisite North End 1brm
42.36726277067371,-71.05232351801394,220.0,Modern North End Studio
42.28793,-71.13991,107.0,Welcome to the Aqua Room
42.28793,-71.13992,108.0,Welcome to The Lavender Room
42.28544,-71.0721,206.0,Private Bedroom #4 in Shared Condo
42.2837,-71.07307,206.0,Private Bedroom #5 in Shared Condo
42.2778739,-71.0824847,26.0,A Sweet Place (B) managed by Andrea
42.27865667330715,-71.08178761407363,64.0,An Even Sweeter Place managed by Andrea
42.3522851,-71.05910879999999,297.0,"Blueground | Financial District, gym, nr greenway"
42.35730177094459,-71.05326282459265,226.0,Financial District Charm | Walk anywhere!
42.3486,-71.08625,235.0,Beautiful Newbury St. 1Br
42.34830115022893,-71.08446960340625,253.0,Cozy Back Bay | 1Br / 1Bath!
42.35106434619906,-71.0819839547802,272.0,Monthly Newbury Street Gem
42.34819947769173,-71.08644007542718,266.0,Centrally Located Back Bay 1Br!
42.34870643018961,-71.08644605772977,327.0,Wonderful Newbury 1 Bedroom!
42.34844,-71.08605,275.0,Stunning Back Bay | 1Br / 1Bth
42.30271148580186,-71.06850565262005,48.0,Private cozy bedroom in Boston.
42.2958734,-71.08054650000001,169.0,Cozy New Built 1-BR Apt (9W1) Near Downtown Boston
42.359362,-71.0682975,200.0,Studio in Heart of Beacon Hill (Downtown Boston)
42.359362,-71.0682975,220.0,Charming Beacon Hill 1bd in Brownstone
42.32289973146069,-71.11363270178217,181.0,Convenient & cozy 2BD in JP - 1 mile to hospitals
42.3117713,-71.11527120000001,107.0,Cozy 1B1B in the heart of JP
42.3560237,-71.1368711,287.0,24-Renovated 2 bedroom only 8 min from the city
42.34777380000001,-71.1460998,286.0,"Blueground | Brighton, pool & gym, nr green line"
42.33287,-71.09857,264.0,Beautiful Mission Hill 1Br/Ba!
42.331554054259264,-71.09869749195016,300.0,Wonderful 1BR in Mission Hill!
42.33238913992304,-71.10074118946933,239.0,Spacious Mission Hill Studio!
42.33107906800154,-71.10018509120489,441.0,New! Gorgeous 2Br | Mission Hill
42.27294408892755,-71.0991840898128,230.0,Comfortable quiet 2 bedroom 1bath
42.35044,-71.14829,311.0,Renovated 2 BR Condo + Parking in Brighton/Boston
42.34671938164582,-71.10177411892872,515.0,"Luxury, 2bed,2 bath, Boston Central, Boston Univ"
42.31355842721171,-71.08467057133451,314.0,Spacious multi-level 4 bed /2bath Apt. in Boston
42.31059,-71.1056,206.0,3bd  apt w/office close to orange line w/parking
42.34183,-71.0558,242.0,"Quarters on Broadway, South Boston 406 Bunk"
42.302495,-71.08192269999999,206.0,Franklin park zoo studio
42.3174703,-71.0801929,262.0,Modern 2 Bedroom in Boston
42.2716784,-71.0727197,76.0,"Free garage parking, private bed+bath, Central ""T"""
42.31921,-71.05955,93.0,Boston Studio walk to T Station
42.30246096718498,-71.06631313383025,206.0,Cozy private queen bedroom in Boston
42.33033,-71.07118,206.0,A Modern home right in Boston
42.3472723,-71.10130939999999,348.0,"Blueground | Fenway, roof & gym, nr fenway park"
42.3475057,-71.1010258,272.0,"Blueground | Fenway, roof & gym, nr fenway park"
42.3468,-71.07111,206.0,Accessible Bed: King Bath: in-room
42.34637,-71.06979,206.0,Accessible Bed: King + Bath: Down the Hall
42.34707865245842,-71.07116013022076,206.0,Accessible Bed: Queen + Bath: Down the Hall
42.34621,-71.07197,206.0,Bed:King + Bath:Down The Hall
42.34635,-71.07183,206.0,Bed:King + Bath:In-Room
42.34539074754755,-71.06998819543543,206.0,Bed:Quad + Bath:Down The Hall
42.3450278305856,-71.07057079795524,206.0,Bed:Queen + Bath:In-Room
42.3468,-71.07205,206.0,Bed:Triple + Bath:Down The Hall
42.34708,-71.07122,206.0,Revolution Loft:Accessible Queen
42.34532,-71.07016,206.0,Revolution Loft: Junior Suite
42.34692,-71.07184,206.0,Revolution Loft: King
42.34640429301172,-71.06976256891731,206.0,Revolution Loft: One Bedroom Suite
42.34483522266024,-71.07153939303058,206.0,Revolution Loft: Queen
42.34704,-71.07,206.0,Revolution Loft: Two Double Beds
42.34527891734742,-71.06977162573598,206.0,Studio Suite
42.32197993468771,-71.1027149189887,58.0,Welcoming 1 bedroom C
42.347770270573385,-71.0794092658466,321.0,Back Bay heart 2BR 2BA Unit near Prudential center
42.3651757086422,-71.03671754053205,235.0,"Nxt to ocean, 5 min dntwn by T"
42.27585996935596,-71.07228684526291,455.0,Residential home with free parking
42.27382,-71.07947,741.0,Victorian home 8 miles from downtown
42.34950701821771,-71.09329788049406,536.0,Wonderful Fenway 3br/2ba | Steps from Fenway Park!
42.289883,-71.1394402,218.0,"Forever Boston-5 mil Fenway, FreePrkg"
42.35063833281663,-71.09297187157289,319.0,Cozy Back Bay Studio | Close to Fenway!
42.316437223274896,-71.10064383529887,206.0,JP Gem: Near Orange Line & Food
42.3472723,-71.10130939999999,307.0,"Blueground | Fenway, roof & gym, nr fenway park"
42.35546,-71.06294,537.0,Almost there!  4bed 2bath Apartment in Downtown
42.2941174,-71.11704639999999,406.0,Stylish Boston Renovation | Near T
42.3313639347081,-71.05325524880553,206.0,Charming Private Room Close to Red Line and Beach
42.279007146693225,-71.09426341045074,394.0,Best Place To Rest
42.34974,-71.06737,271.0,Charming Theater District 1Br | Walk Anywhere!
42.35918176984304,-71.05380096814993,267.0,Pet Friendly - Laundry in Bldg - FIDI
42.31491819782188,-71.0556744600529,110.0,Spacious Savin Hill Apt mins from Redline
42.311212515871865,-71.06428632993537,206.0,Boston Gem
42.33647,-71.04719,206.0,Duplex Apartment in South Boston - 3BR/2BTH/2Decks
42.31381,-71.08926,282.0,Spacious & Stylish 4-BR w/ 4-BA Apt near DT
42.32853,-71.11256,339.0,Lovely corner condo in Boston close to Hospitals
42.3475057,-71.1010258,435.0,"Blueground | Fenway, roof & gym, nr fenway park"
42.28312,-71.09187,88.0,Private room in Boston Neighborhood (1st Fl)
42.3140755,-71.05715889999999,55.0,Djady’s
42.29362,-71.13868,340.0,Upscale Boston 2 BR w/ Off Street Parking
42.36971097877554,-71.04019015026245,300.0,Location+Comfort+Convenience!
42.3263693,-71.0918622,250.0,Single Family with comfort plus location.
42.37930140632935,-71.06538013831026,836.0,Mystic River House
42.283682954683336,-71.07296703274152,367.0,Lovely 3 bedroom 2 bath “6 miles from downtown”
42.3349257,-71.0449714,569.0,Heart of Southie - Hot Tub + Walk to Top Bars
42.2786954,-71.11786239999999,180.0,"Roslindale Condo,W/D in unit,2 BDR,Free Parking"
42.31914890858806,-71.0543593840498,158.0,Boston Getaway
42.30589,-71.10483,206.0,"Room Available, Jamaica Plain, Roomate + 2 Cats!"
42.28307,-71.07269,630.0,Cozy room space
42.28877,-71.05672,206.0,Stylish and Spacious 2-Bedroom Plus Office
42.30792251715304,-71.06957950762751,437.0,Family & Group Haven near Downtown Retreat
42.292908,-71.0629855,206.0,"Suite Boston, With Private Bath"
42.32263152894531,-71.10684266497502,206.0,Large Private Room (Lily) in a House
42.32426,-71.10649,206.0,Private Room in a House (Red Tulip)
42.32406084251169,-71.10620076790872,125.0,Private Room (Violet) in a House
42.322831882394354,-71.10689356332537,206.0,Private Room (Iris) in a House
42.34111233139622,-71.07471588434498,100.0,Stylish Room in South End + Private Patio
42.34081347370269,-71.1012587845715,282.0,Fenway Studio Steps to Boston Children's Hospital
42.346290889505525,-71.13905865887527,185.0,Lovely Brighton Apartment!
42.32136235398295,-71.05950816707173,109.0,Boston 1 bedrm/livingrm close T
42.3672321,-71.0383392,286.0,Quiet brownstone close to city
42.317710297890656,-71.05689192691577,90.0,Downtown Boston - Maison Moderne
42.32121927779309,-71.05758894719567,109.0,Boston 1 bed/livingrm close to T
42.3509,-71.14514,550.0,"New 3 bedroom, 2 bath unit, meadow view!"
42.31936111146322,-71.0576935235636,119.0,"1 bed/kitchen, 7 minutes to T"
42.34737,-71.10376,355.0,Luxury Single Suite & Workspace in Fenway! (1Br)
42.3439382,-71.0638329,321.0,"Blueground | S End, w/d & gym, nr groceries"
42.30335,-71.07435,206.0,Spacious Apt - Newly Renovated - Private Parking!
42.3452369,-71.0639399,381.0,"Blueground | S End, rooftop & gym, nr dining"
42.3311374,-71.0469214,265.0,"Blueground | South Boston, w/d, nr carson Bbeach"
42.34268619963691,-71.07805605844173,1020.0,South End Stunner/walk to all the neighborhoods!
42.3469948,-71.1452694,171.0,Ideal for long stays | Chic downtown glass suite
42.3174128778811,-71.05315949767828,206.0,Quiet city home minutes to downtown
42.36017770501304,-71.06564076074733,160.0,Private Double Bedroom in Beacon Hill (Bedroom #2)
42.36003164153384,-71.06746991939835,76.0,Private Bedroom in Beacon Hill (Bedroom #1)
42.3581736763962,-71.06559134916827,68.0,Ottoman Cot in Beacon Hill
42.35039487296866,-71.09370635747206,140.0,Walk to Subway!  1st floor! - Steps from the T!
42.34083,-71.0799,323.0,Brownstone Studio Retreat
42.34786,-71.14511,247.0,Ideal for long stays | elegant suite Boston views
42.33467151684205,-71.08334665548122,434.0,Charming South End Farmhouse - Near Northeastern!
42.333891348395305,-71.1064474663934,183.0,Cute Studio in Longwood/Fenway
42.33285,-71.10488,122.0,Stylish Compact Efficiency Unit - Longwood/Fenway
42.29281338323787,-71.13442631838394,206.0,Victorian Home in Boston
42.3295,-71.05785,161.0,"Furnished Private Condo, Short Term Rental!"
42.31941973770849,-71.05791710297277,109.0,"Boston 1bed/living, 7minute to T"
42.37885436946893,-71.0319274351848,197.0,Eastie near the airport Great location
42.33618009817479,-71.02861688707804,179.0,Boston by the beach with patio & private bathroom!
42.3194004182431,-71.05758102174532,101.0,"New Boston 1bed/living, close T"
42.31445,-71.09751,251.0,Charming New England Artist House
42.348645,-71.0793489,206.0,"Blueground | Back Bay, gym & w/d, nr restaurants"
42.2905563,-71.0523528,138.0,Charming vintage apartment!
42.3507,-71.06544,206.0,"Downtown Studio Apt, Perfect for Medical Workers"
42.33726387317135,-71.0835430418494,278.0,Upscale South End Apt | Walk to Northeastern
42.35666,-71.16563,123.0,Korean Gem in Brighton
42.3101345,-71.0990554,153.0,Nature x City in Boston
42.3496,-71.04379,699.0,Stunning. Unique. And Very Upscale 3BR 2BA W&Dryer
42.34869993963335,-71.04051556544192,206.0,"Modern Lux Seaport| Convention center, 2BR 2BA APT"
42.36601491644552,-71.0304134908038,206.0,Cozy Oasis Minutes From Logan
42.34677,-71.14316,165.0,Homey 2BR 2BA Apartment Close to Boston Downtown
42.35758,-71.0556,494.0,Luxury Loft | W/D in Unit | Pet Friendly
42.35924344926408,-71.15026073167738,399.0,Charming 2BR 2BA Beautiful View King bed W&D insid
42.39006727537949,-71.00597769672298,209.0,1Bedroom • Boston• Airport • Magnificent view
42.28593803715664,-71.14666342630856,207.0,"Cheerful, Open Concept, Apt. 2BD/1Bath, 1st Floor"
42.25103653441923,-71.13272659288779,189.0,Boston 4bd 2 bath Townhouse with parking & office
42.3150924,-71.085883,56.0,Victorian room hosted by Treana
42.3515002,-71.1408802,175.0,Tranquil Allston Condo w/ Parking by Harvard/BU/BC
42.32249307167746,-71.08365859542546,206.0,Modern 2 bedroom/2 bathroom Condo (Free Parking)
42.35918900000001,-71.0672568,206.0,Sunny Apt - Historic Beacon Hill
42.3522851,-71.05910879999999,441.0,"Blueground | Downtown, gym & w/d, nr Chinatown"
42.34344683448087,-71.07304531640413,547.0,Spacious Condo in Boston's South End
42.3131565640206,-71.05738075256687,58.0,Alyn
42.32367209126128,-71.10681704647588,96.0,Large Private Room (Orchid Room)
42.32423,-71.10498,100.0,Spacious Private Room (Agave Rm)
42.35916,-71.06762,121.0,Best 1 bed 1 living r with extra sofa bed Boston
42.284873568189504,-71.04756586071318,143.0,Cozy Urban Studio in Boston
42.3284,-71.11054,961.0,Stunning Unique And Very Upscale
42.34992,-71.06943,355.0,"Blueground | Back Bay, gym & w/d, nr restaurants"
42.29326606011727,-71.05967807778376,66.0,"Private bedroom, shared bath, off-street parking L"
42.32559287428384,-71.08601091383248,206.0,Private Room and bathroom w/patio near down town
42.28164157543658,-71.09436311898457,279.0,Retro Bungalow| Inquire for Discounts & Questions
42.27966722977507,-71.16040286824438,140.0,"Cozy studio near-Train&Bus, safe area in Boston"
42.36033,-71.14863,499.0,Stunning Riverview 2BR/2BA
42.3498155,-71.068324,979.0,"Spacious, Sun-filled Brownstone in Heart of Boston"
42.349815,-71.068324,1260.0,Stunning Luxury Oasis ~Brownstone @Heart of Boston
42.24348,-71.13853,143.0,Nicely furnished single family in boston
42.3465132,-71.1032136,307.0,"Blueground | Fenway, gym & w/d, nr dining & shops"
42.3465132,-71.1032136,461.0,"Blueground | Fenway, gym, nr dining & shops"
42.3556715,-71.1375296,321.0,"Happy Green House, Boston Landing, BU, BC, Harvard"
42.3172101,-71.0598517,745.0,"Spacious, New Renovation | Near T"
42.28485,-71.05648,240.0,Chic Condo Retreat near Ashmont
42.31611406654883,-71.0617305,196.0,2 Bed Condo w/ Parking and W/D in Boston
42.34851753562866,-71.14247547809995,170.0,Spacious & Stylish 2BR 2BA Near Downtown Boston
42.33779,-71.07638,206.0,"(W-12) South End, Walkable, Explore, Dine! W/D"
42.33833,-71.07799,167.0,"(W-14) Budget Friendly, A+ Location Studio! W/D"
42.33771319476956,-71.07617773563585,201.0,"(W1) Prime Area, Best Restaurants, W/D, South End!"
42.3397,-71.0766,235.0,"(W4)South End, Blackout Curtains, Safe &Convenient"
42.33972579036294,-71.07632251950251,201.0,"(W9) Studio in South End Boston, Prime Location"
42.3308789,-71.0371873,206.0,Extraordinary 1-Bedroom Apartment in South Boston!
42.35145241585736,-71.06505139960292,326.0,Perfect Traveling Nurse Housing - Theatre District
42.34673,-71.14722,163.0,Ideal for long stays | Modern suite on top floor
42.33971421344498,-71.0778527595802,210.0,"(W-13) Newly Furnished, South End, Walkable to all"
42.36766146996237,-71.03295247100604,142.0,Bright 2BR by Boston Waterfront
42.351110332172645,-71.06699304116705,303.0,Modern 1BRs steps from Boston Common + South End
42.28846,-71.0393,624.0,"(DR52) Spacious 6 bed, Close to City, Roof deck!"
42.3204372,-71.05602139999999,420.0,Charming Boston Home | Near T
42.350926725987584,-71.06553080926739,206.0,Stunning 1BR with a view on the Commons | 2x beds 9086
42.32193,-71.08004,66.0,Alaska Street R21
42.34988,-71.04433,239.0,Apt Downtown Seaport Near Restaurants
42.32125,-71.07801,78.0,Alaska Street R22
42.3472763,-71.1514285,173.0,Brighton Apartment Sleeps 3+ Steps to Bus Line
42.32184601281022,-71.07909028242294,88.0,Alaska Street R24
42.34864,-71.10181,206.0,Amazing spacious city view 2bed 2 bath unit fenway
42.34936257322835,-71.08028036449343,839.0,Sparkling 2BR / 2BA in Back Bay
42.34965319283231,-71.07855747136733,839.0,Modern Huge 2bed 2bath Apartment Back bay
42.34813705133536,-71.10059262555816,206.0,Luxurious 2Br 2Ba unit in fenway
42.34983,-71.09379,357.0,Charlesgate Suites: Premier Oversized One Bedroom
42.34614,-71.10188,206.0,Heart of Fenway Cultural
42.34983,-71.09379,255.0,Charlesgate Suites: Perfect Lower Level Suite
42.34983,-71.09379,230.0,Charlesgate Suites: Lower Level Suite
42.34983,-71.09379,287.0,Charlesgate Suites: Renovated & Ready To Host You!
42.34983,-71.09379,291.0,Charlesgate Suites: Enjoy Boston Today!
42.34983,-71.09379,265.0,Charlesgate Suites: Restored Elegance
42.34983,-71.09379,287.0,Charlesgate Suites: Newly Renovated Studio
42.34983,-71.09379,265.0,Charlesgate Suites: Urban Chic Delight - Discover
42.34983,-71.09379,265.0,Charlesgate Suites: Contemporary Retreat In Style
42.32835666617422,-71.11241572742077,839.0,Lake View 2br 2ba condo King bed
42.32842,-71.11211,206.0,Do not look past this Lakefront Luxurious & Quiet
42.34916723063684,-71.13388875543235,223.0,"Spacious, Walkable 2BR Condo | 30/60/90+ Nights"
42.34818,-71.09326,330.0,Stylish & Bright 1 BDR| Close to Fenway Park!
42.34751,-71.09374,154.0,Cozy & Modern 1 BDR | Fenway within minutes!
42.34327,-71.08405,170.0,Petit Garden Level Micro Studio
42.35706021337518,-71.12911636763924,57.0,"(C) Cozy & comfortable room near Harvard, MIT & BU"
42.29902921546571,-71.06776620274428,299.0,Home Away From Home
42.34167,-71.08246,188.0,Back Bay Simple Studio Apartment
42.34149086490141,-71.08211337458772,190.0,Quiet Studio Circa South End
42.34183238862012,-71.08212672872108,199.0,Retro Studio on Quiet Street
42.342438994258224,-71.0821252927106,189.0,Cozy Studio near Prudential Ctr
42.3415,-71.08347,232.0,Comfy Back Bay Alcove Studio Apt
42.34200880463639,-71.08411850981184,425.0,Sunkissed Studio near South End
42.34437403038891,-71.08257439972587,182.0,Blissful South End Studio
42.34382660197117,-71.08222208744212,175.0,Tranquil South End Studio
42.3451,-71.08007,247.0,Newly Renovated w/ Exposed Brick
42.34214,-71.08206,195.0,South End Serene Studio
42.34436,-71.0821,203.0,Harmonious South End Studio
42.344438876900405,-71.08347546066226,222.0,Cozy South End Loft
42.34364,-71.08199,186.0,Elegant Prudential Area Studio
42.3424093428968,-71.08281844038515,189.0,Urban Chic South End Studio
42.3313364,-71.0548846,321.0,Southie Condo-By Subway-Bring Pets-Pool Table
42.37091,-71.03928,83.0,"Cozy FULL Bd, 7mn to Aiport, 3mn walk to Train"
42.30782,-71.11265,360.0,Cozy home with backyard & patio
42.34153,-71.0828,362.0,Quaint studio apartment! Back Bay Area
42.34348985925966,-71.08423327597426,238.0,Modern studio apartment!
42.34300085036171,-71.08404904011313,152.0,Modern South-End Studio Apt!
42.34353,-71.08219,171.0,Quaint Studio Apt! | Steps from Back Bay
42.34366672808913,-71.08386691907516,173.0,Old Charm Studio Apt near Back Bay
42.34192427441922,-71.0823934312471,183.0,Centrally Located Basic Studio
42.34378414344052,-71.08290022500243,233.0,Spacious Studio! | Back Bay
42.3203345,-71.10534799999999,140.0,Beaut private close univ+hospital
42.34607,-71.1618,98.0,"Lake st/Brighton Queen BD bath, walk to bus train"
42.34215590068706,-71.08435806459522,150.0,Prudential Area Loft Retreat
42.34425,-71.08264,211.0,Charming Studio Apt! | Back Bay
42.34204961062365,-71.08451058659904,200.0,Serene Studio with Cozy Atmosphere!
42.34431,-71.08278,182.0,Brixton Studio | Minutes from Back Bay!
42.34266082692078,-71.08216115823868,197.0,Vibrant Studio! | Minutes from Back Bay
42.34350157600517,-71.08454095429711,214.0,Bright & Cozy Studio Apartment
42.34238,-71.0837,179.0,Chic Metro South End Studio
42.34398236377668,-71.08253819066451,177.0,Artisan Brick South End Loft
42.29612796442264,-71.05413084152573,191.0,"3BR Victorian getaway with loft, near the Bay"
42.3683239,-71.03689260000002,194.0,Lolo’s apt !Best location!
42.34387393685642,-71.08387142511404,212.0,South End Blissful Studio
42.34196079667983,-71.08244915742726,186.0,Stylish South End Studio
42.34378,-71.08451,208.0,South End Serene Studio
42.34221,-71.08316,231.0,Peaceful Back Bay Studio
42.34211704773742,-71.08394470499259,177.0,Cozy Central South End Studio
42.34369,-71.08373,187.0,Lovely Studio Apt | South End
42.34174,-71.08232,197.0,Wonderful South End Studio
42.34188,-71.08378,144.0,Sleek Back Bay Studio
42.34283,-71.08414,181.0,Airy Studio | South End
42.30451,-71.06783,65.0,Private Queen Bedroom in city
42.2622,-71.11584,209.0,"*Cozy, Convenient Boston. Indulge, you deserve it*"
42.27275820000001,-71.1636271,100.0,Small Studio in quiet area
42.34957526552142,-71.07428161896075,195.0,Raffles Pied-A-Tier Studio
42.28961167045093,-71.15869374127011,299.0,Boston - Spacious Victorian
42.37792,-71.06236,206.0,Spacious Charlestown single family home w/ parking
42.33248448718322,-71.03141129766878,634.0,Beautiful Southie Single Family
42.2842416,-71.167526,421.0,Single Family Boston House Great Privacy
42.31911,-71.09099,206.0,Modern Rooftop Retreat | Boston
42.346069,-71.145748,348.0,"Blueground | Brighton, gym, nr groceries & shops"
42.34823,-71.08041,399.0,Spacious 2BR 2BA in Back Bay
42.36748894863978,-71.03160281458007,250.0,Bright 2BR By Boston Waterfront
42.3603,-71.0661,300.0,"Small Apartment, Big Heart!"
42.35012530594145,-71.04326350753023,250.0,Lux 1BR w/ Amenities in Seaport
42.34955280297618,-71.09576616985966,235.0,Walk! Walk! Walk! 1 Bed / 1 Bath - 2 mins from T!
42.28136,-71.09466,88.0,New Private Room in Condo with a Dog
42.32872592745317,-71.11223613595075,382.0,Luxury 2 Br 2 Ba apt Boston Jamica pond
42.34992,-71.06943,431.0,"Blueground | Back Bay, gym & w/d, nr dining"
42.32155,-71.05724,90.0,"Boston studio, 7 minutes to T"
42.35595,-71.06036,206.0,Modern chic 2 bedroom apt!
42.38045,-71.07001,455.0,"Designer 3-BR Apt in Historic Charlestown, Boston"
42.3434,-71.08432,167.0,Stellar South End Studio
42.33579393307684,-71.15038080751756,206.0,Oversized 1Bed w/ Outdoor Pool & Elevator
42.34399414329803,-71.08190357954153,150.0,Compact Back Bay Studio
42.3600668,-71.0667461,206.0,Modern Condo in Beacon Hill
42.32189708739804,-71.05528191741077,57.0,K. Spacious room easy commute to Boston Downtown
42.32087406801446,-71.05568976922757,52.0,L. Sunny room easy commute to Boston Downtown
42.32252,-71.05746,57.0,M. Large room easy commute to Boston Downtown.
42.34376175238195,-71.08199789552447,196.0,Modern Simple Studio | South End
42.343215714583415,-71.08403995728031,222.0,Peaceful South End Studio!
42.343985241791366,-71.0824229492576,119.0,Serene South End Studio
42.34376,-71.08188,165.0,Lovely South End Studio
42.34336,-71.08395,207.0,Charming South End Studio Apt
42.34211322463612,-71.0835579706857,139.0,Peaceful Studio | Close to Fenway
42.34259,-71.08393,208.0,Spacious Studio Apt | South End
42.3418,-71.08347,174.0,Quaint Studio Apt | Close to Fenway
42.31712,-71.09048,206.0,*New* Modern Rooftop Retreat | Boston
42.35357005019778,-71.04748256441803,206.0,Luxury Apt Seaport with Gym and Pool
42.3459685,-71.0847361,206.0,Spacious Apartment Back Bay
42.3417319,-71.1431193,303.0,Studio Room at Hotel Boston
42.35947,-71.1486,399.0,2BR 2BA Beautiful View  W&D
42.35899,-71.14921,399.0,Modern Apt head of the Charles
42.29276687560215,-71.12202441282217,37.0,"Roslindale Room near MBTA, self check-in"
42.286338056398,-71.04252835224409,228.0,Hidden Gem in Port Norfolk
42.32112909775597,-71.05927640084631,125.0,"Boston 1 bedroom, 7 minutes to T"
42.34261,-71.14372,406.0,One Bedroom Apt in Boston Hotel
42.32851223209749,-71.05345238041572,250.0,The Win on Wendeller - A Stylish Condo in Boston
42.2907089,-71.0461607,269.0,988/2 - 4BR Boston|Cozy Getaway near Geneva Cliffs
42.27770002445315,-71.16073794979158,69.0,Private room lock double bed flr 3 window a.c
42.35585320000001,-71.1638648,147.0,cozy and comfy Super Convenient 2BR 1Bath
42.34873,-71.06069,212.0,"DowntownBoston,Nearly everything"
42.3483657,-71.0698862,198.0,Private Studio In Boston's Bay Village!
42.35202976524467,-71.08161956401018,305.0,Bright Back Bay Studio
42.35284739226045,-71.13352082669735,101.0,"Heart of Allston
BU, Green Line"
42.34524270793829,-71.15029424465831,164.0,"2 Bedroom Loft Apartment in Brighton, Free Parking"
42.31597,-71.10642,130.0,"One Bed + Office, 2nd Floor & Steps to Orange Line"
42.3423474596366,-71.07732179238533,195.0,"(476-5) Roof Deck, 2beds, Cozy, Comfy, Location!"
42.34214779250125,-71.07909586835892,218.0,"(476-2) Clean & Cozy, South End / Back Bay!"
42.34226,-71.07925,188.0,"(476-9) Queen Studio, Back Bay/ South End, W/D."
42.36743,-71.03544,227.0,Cozy full condo / Walkable to T
42.25749571383021,-71.11875652965605,349.0,Peace love humility and safety
42.3370788943205,-71.03337548072379,72.0,Travelers Lux Room in the Heart of South Boston #1
42.33724620864045,-71.03525754973766,388.0,Heart of South Boston Luxury Home w/Private Deck
42.34696,-71.10332,190.0,(PG03) Cozy Budget-Friendly Studio in Fenway
42.35201260357918,-71.08230289540408,206.0,"Back Bay Efficiency Unit, Pvt Bath, Kitchenette"
42.35012,-71.13541,206.0,AL/R1 Convenient Sunny Room Boston
42.34445218198396,-71.08105165816404,248.0,Super location! Walk everywhere! 1 bed / 1 bath
42.32852903493563,-71.11188997856051,469.0,Corner 2Ba 2Ba  apt in Boston Jamica pond.
42.27987,-71.05947,148.0,3BD House on Subway
42.3710378806628,-71.04006197628438,75.0,"Cozy Queen Bd, 7mn to Aiport, 3 mn walk to Train"
42.35044641835193,-71.06818657368422,495.0,Back-Bay* Boston* Downtown* w/Gym & Parking
42.35308149999999,-71.0721938,341.0,"Blueground | Back Bay, w/d, nr boston common"
42.34922,-71.09505,316.0,Walk! Walk! Kenmore Square - 2 Beds / 1 Bathroom
42.34909022215199,-71.09523336919413,255.0,Chic Fenway 1b Perfect Location!
42.36624,-71.06325,229.0,(42L5) Celtics Bruins TD Garden Outside your door!
42.36454397802231,-71.06485248264232,249.0,(42L3) Celtics Bruins TD Garden Outside your door!
42.34603,-71.07867759999999,349.0,"Blueground | Back Bay, rooftop & gym, nr shops"
42.3240913,-71.0907016,115.0,Beautiful Two Bedroom Apartment
42.35308149999999,-71.0721938,287.0,"Blueground | Back Bay, w/d, nr boston common"
42.27659184787903,-71.11711643636227,217.0,My Sweet Apartment
42.33815,-71.03516,206.0,Stunning Lux Room in the Heart of South Boston #2
42.33661532636998,-71.03493836024303,59.0,Luxury Room in the Heart of South Boston #3
42.33808,-71.03502,206.0,Exquisite Lux Room in the Heart of South Boston #5
42.33631,-71.03487,206.0,Exquisite Lux Room in the Heart of South Boston #4
42.34372357126928,-71.15170223466356,271.0,"Newly renovated apartment, 2 bedroom, Free parking"
42.34309827458531,-71.07708044350147,547.0,South End Penthouse w/Roofdeck
42.2787557,-71.16044099999999,89.0,private room w/ 2 single beds for 1 or 2 with a.c.
42.33964,-71.0938,134.0,"Ideal Spot Near Fenway & Berklee College, Ground L"
42.33951673701451,-71.09350181962292,126.0,"Central Location by Fenway & Berklee College, Grou"
42.3403,-71.09578,164.0,"Stay Close to Fenway, Berklee & Newbury St, #4"
42.34013,-71.0956,174.0,Boston Getaway: Steps to Fenway & Top Sights #101
42.3405182,-71.0945877,196.0,"Walk to Berklee College & Fenway Park, #202"
42.33886227708896,-71.15213032985815,92.0,My city sunshine apt
42.34026,-71.09563,149.0,"Fenway Park, Berklee & Newbury at Your Door, #205"
42.33977,-71.09559,168.0,"Perfect Location Near Fenway & Berklee College, #1"
42.33969,-71.09415,140.0,Boston Getaway: Steps to Fenway & Top Sights #103
42.34168617543995,-71.09518205208003,189.0,Stay in Style: Fenway Park Around the Corner #201
42.341502139596166,-71.09552725688755,137.0,"Stay in the Heart of Fenway & Berklee, #203"
42.34007,-71.09347,203.0,"Central to Fenway, Berklee & Newbury St, #204"
42.34675,-71.09135,210.0,"Perfect Base Near Fenway & Berklee College, #206"
42.34484487859594,-71.0906269950402,185.0,"Walk to Fenway, Berklee College & More, #207"
42.344704861725305,-71.09044872306895,152.0,"Stay Close to Fenway Park & Berklee College, #208"
42.33963722877396,-71.09398343821611,213.0,"In the Center of Fenway, Berklee & Newbury, #209"
42.34534,-71.09138,164.0,"Steps from Fenway Park, Berklee & Newbury, #301"
42.33973,-71.09544,171.0,Bright&Modern Studio in Boston’s Fenway Area #302
42.34014,-71.09545,138.0,"Fenway, Berklee College & Shopping Nearby, #303"
42.34159093155845,-71.09413088507534,157.0,"Prime Location by Berklee College & Fenway, #304"
42.33989,-71.09554,158.0,"Fenway, Berklee College & Newbury St Just Minutes"
42.341708921510254,-71.09485568035703,131.0,"Walk to Fenway, Berklee & Iconic Boston Spots, #30"
42.34659,-71.0892,164.0,"Steps from Fenway Park, Berklee & Newbury, #401"
42.33947,-71.09381,173.0,"Fenway Park & Berklee College Just Steps Away, #40"
42.33935,-71.09415,141.0,"Ideal Location by Fenway, Berklee & Shopping, #404"
42.33941039268015,-71.09387939893679,199.0,"Live by Fenway Park & Berklee College, #405"
42.339688701361496,-71.09537347149856,201.0,"Fenway, Berklee & Newbury St at Your Door, #406"
42.34681494729365,-71.09053291074052,169.0,Stay in the Heart of Fenway & Berklee
42.34167,-71.09485,118.0,"Stay Near Berklee College, Fenway & Newbury, #402"
42.37654878429381,-71.03550695040252,97.0,Simple Room walking to Airport T
42.3527606,-71.04651439999999,206.0,Private Apt Downtown Walk to Harbor
42.34792,-71.07833,399.0,Sparkling 2BR / 2Ba in Back Bay
42.32048,-71.07729,203.0,Newly Renovated Roxbury Tower
42.35007174728618,-71.1347417826025,68.0,AL/R3 Boston's New Room Central Spot
42.3189351,-71.0646094,203.0,Spacious Boston APT w/ parking spot!
42.27981,-71.15979,64.0,W.R. Private room twin bed floor 3 w/ window a.c.
42.3771,-71.03226,206.0,Cozy Oasis Near Downtown & Airport
42.33612195959301,-71.04810612535806,263.0,2BR walking distance to seaport/downtown
42.32833,-71.11261,499.0,Lovely corner 2 BR 2BA apt Boston  hospitals.
42.2904444,-71.06052729999999,248.0,Modern Apt in Boston|Near Subway|Free Parking|Safe
42.35331988869861,-71.07674818485975,130.0,"Back Bay Historic Sunny near hospitals, businesses"
42.37138183463158,-71.0399257294879,167.0,1 BR Gem 5min to Train & Airport explore the city
42.31276,-71.07632,102.0,Modern/chic one-bedroom in eco Smart Home -Room #2
42.34379,-71.10191,268.0,Luxury by Fenway Park w/pool - Ask about discounts
42.34379,-71.10191,206.0,Luxury 1BR  Fenway Park w/pool - Discounts offered
42.32162,-71.07709,191.0,Newly Renovated + Spacious Apt w/ Parking
42.365698098375766,-71.0586229376903,206.0,Private Room in the North End
42.34745,-71.14425,206.0,Ideal for long stays | Spacious suite in Boston
42.33322,-71.08187,450.0,Brownstone 5 mins from downtown
42.32852,-71.11264,599.0,Stunning Unique And Very Upscale
42.31821942051798,-71.05443692792049,46.0,Full Bedroom D in #1349: JFK/UMass
42.35655398501891,-71.13336104780106,206.0,Queen Bedroom A in #1234: Allston
42.2957068309299,-71.06245390225585,376.0,Beautiful Victorian house with Views. free parking
42.3751160129216,-71.03648402799509,182.0,"Convenient, Brand new,Comfy!"
42.36628370697858,-71.06511972252505,216.0,(42L4) TD Garden - Perfect Spot!
42.34997392964146,-71.0863109533545,202.0,Centrally located 1bed | Newbury Street
42.34745,-71.09337,262.0,Stunning 1 Bedroom Apt | Close to Fenway!
42.34912288099626,-71.09502145230869,675.0,Spacious Fenway 1BR
42.34932333395925,-71.09343258651612,412.0,Cozy 1BDR Close to Fenway!
42.35231,-71.06238,206.0,Chinatown Central Penthouse Boston w/Pool +Parking
42.32982,-71.1125,839.0,Spacious 3Br2Br apartment with astonishing view
42.36019,-71.1423,206.0,Newly Renovated Large Room
42.37678841792915,-71.03961241652674,103.0,Adventure: Therapy - Boston
42.33587636211053,-71.05071114287647,301.0,Penthouse 2 Beds /2 Baths luxury in South Boston
42.36554,-71.05874,206.0,Queen Bedroom in North End
42.34658,-71.08952,141.0,"Walk to Berklee, Fenway & Newbury St"
42.31500761298455,-71.11426414828182,110.0,Hidden Oasis in Trendy Boston Neighborhood
42.27335926355007,-71.09710208829844,73.0,Arc House 1
42.3526215069712,-71.14915567999259,236.0,2 BR Apt close to Boston/Cambridge free parking
42.364953871152416,-71.05490069003484,423.0,"Large 3 Bed, 2 Bath in North End"
42.351682651636246,-71.12784399525064,229.0,2bd Condo with 2 KING Size Beds
42.33180235458784,-71.10778483449555,209.0,Longwood/Fenway Hill Top 2-Levels Loft 1BR Apt
42.34279201147984,-71.08403036368907,210.0,"The Ellie House 2- Simple, Back Bay, Cozy!"
42.33164437541686,-71.10437449827246,80.0,Newly renovated penthouse 1 bed
42.34665116254424,-71.10432562176896,413.0,Simple 2 Bd/2 bth | Washer/Dryer | Close to Fenway
42.33277002230463,-71.05350248987847,206.0,Cozy Private Room Near Red Line & Old Harbor Beach
42.34623680055352,-71.09133845270514,177.0,Prime Location by Fenway & Berklee College
42.28478,-71.0857,206.0,"Cozy Dorchester Apartment, Room 2"
42.284916510428,-71.0858133108561,206.0,"Cozy Dorchester Apartment, Room 1"
42.27512,-71.15049,112.0,Cozy Boston Getaway Apartment
42.2822991,-71.0733387,180.0,Four Bedroom Suite Apartment
42.28173,-71.07449,78.0,Large Bedroom Suite & Private Bathroom 1B
42.3426674,-71.0873809,1001.0,Brownstone Townhouse in Fenway
42.30916,-71.07097,107.0,Cozy Boston: Private Bed & Bath in Dorchester
42.3527606,-71.04651439999999,206.0,Luxury Apt with Balcony In Seaport
42.3267057,-71.08678370000001,206.0,"Luxurious 2BR | Spacious, Private Garage, Balcony"
42.34845,-71.06546,675.0,Spacious 3 Bed 2.5 Bath Home Top Loc. w/Parking
42.31141,-71.08038,93.0,sunny and oversized in quiet area
42.36092,-71.13096,84.0,Near Harvard Business 1-2
42.36105925775997,-71.13071205801292,83.0,Near Harvard Business 2-2
42.35951917443434,-71.13233011186199,88.0,Near Harvard Business 2-3
42.34277828280088,-71.07696181995313,218.0,"(T4) Pizza, Nails, Shopping, South End Studio!"
42.282933721379685,-71.13908365959594,107.0,Nice bedroom in a good location
42.28131620551634,-71.0724701415106,90.0,Spacious Bedroom + Private Bath 1A
42.28125937628452,-71.07259021511832,59.0,Comfy Bedroom Suite + Private Attached Bath 1D
42.28229899028369,-71.0733387619257,60.0,Cozy Bedroom + Private Bath 1C
42.345783324412,-71.157591362899,77.0,[Fabulous Room close to St Elizabeth & Green Line]
42.34626391576199,-71.15584196448887,206.0,[Fabulous Room close to St Elizabeth & Green Line]
42.34789,-71.15807,81.0,[Fabulous Extra Large Room close t Boston College]
42.34361,-71.0819,193.0,Modern Studio | South End
42.27814752448772,-71.14810650144058,80.0,Charming & Cozy Bedroom for Single or Couple
42.332342569499545,-71.1129260801658,217.0,Stunning 2B luxury condominium on Emerald Necklace
42.35864,-71.07086,110.0,Best location Beacon Hill 2b apt
42.27349,-71.11965,85.0,Private Room: Free & Easy Street Parking
42.31908,-71.05463,118.0,G3_Room Near Downtown Boston & BCEC (3 miles) JFK
42.3179414473076,-71.05426592509909,118.0,G4_Room Near Downtown Boston & BCEC (3 miles) JFK
42.24883,-71.12157,214.0,Boston Duplex w/ Foosball Table: 11 Mi to Downtown
42.2822991,-71.0733387,60.0,Cozy Bedroom with En-Suite Bath 2C
42.3140755,-71.05715889999999,54.0,Adyleny
42.28229899028369,-71.0733387619257,84.0,Spacious Bedroom + Private Bath 2A
42.28229899028369,-71.0733387619257,76.0,Comfy Bedroom + Private Attached Bath 2D
42.28229899028369,-71.0733387619257,76.0,Large Bedroom + En-suite Bath 2B
42.2811081087778,-71.07406305124039,206.0,Spacious 4 Bedroom 4 Bath
42.28229899028369,-71.0733387619257,60.0,Cozy Bedroom with Private Bath 3C
42.3661862,-71.05216779999999,202.0,Entire Apt Near Wharf
42.3515002,-71.1408802,352.0,Peaceful 3BR Home w/ Park & close to Harvard/BC/BU
42.36533,-71.03132,275.0,Luxury Penthouse w/ Private Roof Deck By The Ocean
42.34992,-71.06943,469.0,"Blueground | Back Bay, basketball, 2 blocks to t"
42.34992,-71.06943,438.0,"Blueground | Back Bay, gym, close to garden"
42.3429164020225,-71.0952198147355,206.0,Modest Apartment #1337
42.36645,-71.05514,114.0,Classic Apartment #474
42.36523406344712,-71.05502657039342,84.0,Convenient Apartment #538
42.30945,-71.10263,346.0,Cozy Boston Condo | Near T
42.36644,-71.06464,998.0,Fabulous apartment in West End
42.31743531669537,-71.05464128535206,118.0,G1_Room Near Downtown  Boston With Private Bath
42.3181,-71.054,118.0,G2_Room Near Downtown Boston & BCEC (3 miles) JFK
42.32842,-71.11058,839.0,Luxury 2 Br 2 Ba apt Boston Jamica pond
42.32845,-71.111,839.0,Lovely corner 2 BR 2BA apt Boston  hospitals.
42.29889,-71.06402,150.0,Beautiful rooms near red line!
42.31184897218913,-71.05148773124715,337.0,Home-Like 3BR-2BA Apt Near T
42.36629,-71.05851,253.0,"TD Garden,Celtics/Bruins, Lil Italy,North End"
42.32802,-71.0947,136.0,Beautiful Rental Unit in Fort Hill (Boston)
42.3537627,-71.05305440000001,302.0,"Blueground | Downtown, concierge, w/d & gym"
42.28328,-71.07392,65.0,Sunny Bedroom + Private Bath 3D
42.33951,-71.04908,401.0,2 BDR/2b- walk to Seaport & BCEC
42.3383407,-71.1066156,206.0,Kitchen basics ideal for cooking simple meals
42.3417319,-71.1431193,302.0,King Studio Room at Hotel Boston
42.2972962717414,-71.07495618643411,71.0,Smart Queen Bedr w/ Ensuite Bathr
42.29909119250435,-71.07462229640532,57.0,Chic Queen Bedr Shared Bathroom
42.29847,-71.07686,56.0,Calm Queen Bedr Shared Bathroom
42.32854,-71.11176,839.0,Luxury water view Boston pond
42.32866,-71.11061,839.0,Outstanding luxury 2Br 2Ba apartment
42.3504464,-71.06818659999999,506.0,Back-Bay Penthouse Downtown & Parking & GYM
42.3167015,-71.09033,68.0,Cozy Room close to downtown Boston
42.35514,-71.06029,618.0,Roomy 4bed loft | Family Friendly
42.34992,-71.06943,436.0,"Blueground | Back Bay, gym & w/d, nr shopping"
42.31522399948368,-71.06012639303404,59.0,Savin Hill Private Modern Private Room near UMass
42.27187897503607,-71.10258345199047,198.0,Modern 1 BR Apt w| Full Kitchen & Private Driveway
42.27806935267941,-71.14832114425923,80.0,Cozy Room with 2 Beds and Den: Sofa & TV@3rd Floor
42.27645686721316,-71.14642770989873,80.0,Charming & Cozy Large Room with 2 Single Beds & TV
42.30401249644647,-71.11837146395702,288.0,Modern Apartment in Boston's Best Neighborhood
42.318316092555925,-71.07806071252334,157.0,Modern & Stylish 1-BR Condo near Downtown
42.359346922456304,-71.13100193016858,81.0,Near Harvard Business 2-1
42.2907942,-71.1232016,220.0,3rd FloorWhole Apartment 2beds/2living room
42.367698809340304,-71.05652550646049,293.0,"TDGarden,Celtics/Bruins, Lil Italy,North End"
42.36059691812873,-71.06669379762403,234.0,"(MGH9-2) MGH, Dining, Shopping, Beacon Hill!"
42.36572,-71.05739,179.0,"TDGarden,Celtics/Bruins, Lil Italy,North End"
42.34383,-71.08303,391.0,Back Bay Heart 3BR 2BAA Condo
42.36074191274217,-71.06712585168069,300.0,"(MGH7-2) Public Gardens, Hospitals, Dining, Shops!"
42.34085,-71.07557,203.0,"(T6) Boho Retreat, Prime Location, Food, Walkable!"
42.32854,-71.11036,505.0,Stunning Unique And Very Upscale Boston
42.32981704417486,-71.11246502615985,409.0,Luxury 3Br2Br Jamica pond Boston
42.32878,-71.11218,362.0,Amazing 2br 2ba unit by the lake
42.32841,-71.111,399.0,Fabulous 2br 2ba unit lake view
42.32776745773926,-71.08654071441475,174.0,A King Bed | Apartment | Middle of Boston
42.34313,-71.04501,381.0,Modern 2BR/2BA Near Seaport & Convention Center
42.35078,-71.06499,428.0,Spacious 2BR 2BA Condo |Boston Downtown
42.3492,-71.08039,799.0,Luxurious 2BR 2BA Back bay heart with amazing view
42.35202762641562,-71.05924819392142,9751.0,Nice one bedroom appartment
42.34147619289917,-71.09977461148691,255.0,"(FB2) Fenway 3 Brm, W/D Near Hospitals!"
42.36717,-71.05893,191.0,3 Bed w/ Free Parking at the Heart of North End
42.37809941816045,-71.03205981485941,139.0,Nice Oasis Nr.Downtown & Airport
42.32835,-71.11052,466.0,Luxury water view 2 Br 2Ba Boston
42.279661424027694,-71.11763174393255,236.0,Great 3 Bedroom Close To Boston
42.34782620453606,-71.09042789612064,206.0,(3-1) Charming Budget Friendly Back Bay Studio!
42.342726029626704,-71.09958197662118,317.0,"(F31) Fenway Park, 2 Beds, Sunny, Simple & Clean!"
42.32433,-71.06019,118.0,H1_Room 4 miles To Downtown Boston/BCEC
42.32828,-71.11215,457.0,Luxury 2Br 2Ba Boston Hospitals.
42.32428,-71.05868,118.0,H2_Room 4 miles To Downtown Boston/BCEC
42.32825,-71.11078,328.0,Fancy 2Br 2Ba Boston Jamica pond
42.32320737453472,-71.060633815868,118.0,H3_Room 4 miles To Downtown Boston/BCEC
42.32428691477431,-71.06022887408173,118.0,H4_Room 4 miles To Downtown Boston/BCEC
42.3365973,-71.0742753,368.0,"Blueground | South End, in-unit w/d, nr museum"
42.29204,-71.0744,96.0,Individual bedroom 2
42.29325,-71.07544,96.0,Individual bedroom 3
42.303297338260215,-71.0658498145345,108.0,C_Small DoubleNear Downtown Boston (5 miles)
42.30317004114278,-71.06408066401355,108.0,A_Small Double Near Downtown Boston (5 miles)
42.30326017552693,-71.06580831446388,206.0,B_Triple Bed  Near Downtown Boston (5 miles)
42.35508849124668,-71.06087801474412,206.0,Charming 1 Bedroom Apt | Laundry in Unit
42.35562,-71.06243,206.0,Chic Modern 2 bed Apartment W/ Exposed Brick
42.357088184076375,-71.06235799582862,206.0,Charming & Chic | Studio Apt
42.35053530592508,-71.06397943403081,210.0,Boston Famous Nightlife Chinatown Central Location
42.34875257267978,-71.09304196081419,217.0,Stunning 1BR | Steps to Fenway!
42.34977689999999,-71.089541,304.0,Renovated One Bedroom in Back Bay
42.355500000246174,-71.06071855526443,206.0,Classic & Chic Apartment | 1 Bedroom
42.34197,-71.10255,206.0,Studio Close to Longwood Medical
42.30309,-71.0657,108.0,D_Triple Bed  Near Downtown Boston (5 miles)
42.30362,-71.066,108.0,H_Triple Bed  Near Downtown Boston (5 miles)
42.30131,-71.0647,108.0,G_Small Double Near Downtown Boston (5 miles)
42.30322,-71.06434,206.0,F_Triple Bed  Near Downtown Boston (5 miles)
42.30150250313112,-71.06572356187951,108.0,E_Small DoubleNear Downtown Boston (5 miles)
42.35122514726618,-71.06298213008692,218.0,Theatre District. Bost. Common. DnTown. LongTm.54
42.34709,-71.10403,416.0,Studio Apt Steps to Hospitals
42.35055,-71.06672,263.0,Charming Theater District 1Br
42.35524926271063,-71.05802316807171,274.0,"Airy, Pet-friendly, FiDi studio"
42.3533868940093,-71.0635582269302,218.0,Theatre District. Bost. Common. DnTown. LongTm.63
42.34391345458352,-71.10071764286766,254.0,Red Sox - Fenway. Longwood Medical. NEU. LongTrm09
42.34807,-71.14465,169.0,Ideal for long stays | Boston studio on top floor
42.28964365927628,-71.12413762465063,225.0,2nd floor Modern Apt
42.30347,-71.06532,108.0,I_Triple Bed Near Downtown Boston (5 miles)
42.30145,-71.06463,108.0,J_Triple Bed Near Downtown Boston (5 miles)
42.365513031238535,-71.05496857134477,401.0,"Large 3 Bed, 2 Bath in North End; Near Waterfront"
42.3463610428679,-71.10041862629883,206.0,Fancy 2BR 2BA Apt Fenway Boston
42.348,-71.07093,113.0,Pefect Studio With Flexible Cancellations!
42.3484186,-71.0698384,189.0,Perfect Boston Studio
42.348263,-71.069641,105.0,Gem Studio With Flexible Cancellations!
42.34837,-71.06989,224.0,Private Studio in Boston's Bay Village!
42.3485831,-71.0696013,216.0,"Bay VIllage Suite, Ready To Host!"
42.3485831,-71.0696013,176.0,Bay Village Suites: Looking Forward To Hosting You
42.34698,-71.10188,206.0,Luxury 2BR 2BA Condo Fenway Boston Washer&Dryer in
42.34721776388823,-71.10205728098497,206.0,Radiant 2 BR 2 BA Fenway Boston
42.345408608126064,-71.13646275760625,206.0,Sunny and Spacious in Boston
42.33908853765334,-71.14614327803156,143.0,"Sunlit 1BR, Near Longwood Medical Hospitals"
42.33726,-71.08532,363.0,Chic 2BR with Modern Comforts
42.335904295225376,-71.08357772202781,449.0,"New Construction, near NEU/BMC, Elevator, 2B, 2BA"
42.36142206052489,-71.06718317321649,262.0,Central Beacon Hill 2brm
42.33182663196303,-71.09736513873773,121.0,Boston Studio w Off Street Parking
42.32831688655909,-71.09606372223317,200.0,Historic Modern Brownstone
42.3462121,-71.0630079,265.0,"Blueground | South End, gym & w/d, nr groceries"
42.34756,-71.07024,90.0,Welcoming Private Studio for One!
42.34733504895169,-71.07050985892064,158.0,Modern Efficiency Studio Awaits Your Stay!
42.36194,-71.06897,217.0,Duplex Beacon Hill 1brm
42.2784006874308,-71.17125314973755,80.0,Private room & bathroom at West Roxbury near MBTA
42.37770359665365,-71.06133808177343,347.0,Private 1st flr Charlestown Apt
42.34108,-71.10539,496.0,Luxurious 2BR 2BA unit in Fenway
42.29247,-71.07625,95.0,Individual Bedroom 1
42.30733500140108,-71.06698018804586,114.0,III New apartment Luxury Boston
42.30685358840152,-71.06593783681168,112.0,II New apartment Luxury inBoston
42.35055886708791,-71.04369046697286,262.0,Lux 1BR w/ Amenities in Seaport
42.30581260716941,-71.06562784951751,150.0,I New apartment Luxury in Boston
42.35862,-71.0707,310.0,Brand New 1 BR | 1 BA on Charles St
42.360274242955406,-71.0700590179641,784.0,Renovated 2BR | 1.5BA on Charles St
42.37537063838112,-71.06237702904673,304.0,Modern Condo steps from Bunker Hill Monument
42.3449329085284,-71.07987972069864,206.0,Marathon 5 minutes Away!  Large Garden Level Room
42.2898621,-71.1365866,206.0,Awesome 2 BR near train
42.33406,-71.10538,157.0,Compact Studio - Longwood/Fenway
42.33418,-71.10523,137.0,Cozy Efficiency Unit - Longwood
42.33255467503312,-71.10698955510713,121.0,Cozy Basement Studio - Longwood/Fenway
42.31148060660728,-71.06386004943863,85.0,Boston Queen Room 1.1
42.34866623399031,-71.07508631534422,399.0,Back Bay Ultra Luxury Studio at Raffles Boston
42.3383407,-71.1066156,206.0,Equipped with all the essentials and more
42.3383407,-71.1066156,206.0,Convenient home base walkable to Fenway
42.341136,-71.049587,294.0,"Blueground | South Boston, gym, near red line"
42.3383407,-71.1066156,206.0,Ideal stay near the major medical campuses
42.3383407,-71.1066156,206.0,Modern furnishings and Keurig coffeemaker
42.3383407,-71.1066156,206.0,Spacious setup with upscale bedding & larger bath
42.34466,-71.06358,961.0,Luxury 2 Br 2Ba Boston southend
42.28921,-71.04161,690.0,New Build XL Modern Home/UMass/Walk2TeneanBeach
42.31171,-71.06432,92.0,Boston Queen Suite 1.3
42.31155,-71.06296,85.0,Boston King Room 1.2 - New Renovation
42.28155,-71.05255,255.0,Newly Renovated 4BR1BA Apartment
42.36672,-71.0556,480.0,Large 2 BR | 1BA in the North End
42.27131552346868,-71.12159058839843,77.0,Boston Urban-glamping style easy commute
42.3485831,-71.0696013,113.0,Darling Efficiency Studio Awaits!
42.31033642001322,-71.09890848831392,206.0,Puddingstone Palace on the Hill
42.2826331,-71.1276535,55.0,Quiet Room in Roslindale
42.31722924809164,-71.09690343279392,280.0,Spacious Dog Friendly 3bd Apt
42.359827,-71.069176,177.0,Charming and Historic Apartment
42.35992,-71.14956,239.0,"Blueground | Burlington, gym, nr dining & shops"
42.3511858,-71.06401699999999,327.0,"Blueground | Chinatown/Theater Dist, gym, nr t"
42.34475459999999,-71.09589319999999,244.0,"Blueground | Fenway, gym, nr restaurants & shops"
42.34475459999999,-71.09589319999999,243.0,"Blueground | Fenway, gym, nr t stop & dining"
42.34475459999999,-71.09589319999999,271.0,"Blueground | Fenway, gym, nr restaurants & shops"
42.34475459999999,-71.09589319999999,314.0,"Blueground | Fenway, gym, nr T stop & dining"
42.34475459999999,-71.09589319999999,206.0,"Blueground | Fenway, gym, nr restaurants & shops"
42.3776776,-71.0504732,206.0,"Blueground | Charlestown, w/d, close to dining"
42.35393,-71.1671,516.0,House on the Hill
42.34066,-71.10179,341.0,"(F35) Fenway Park, Renovated, 2 beds."
42.36596,-71.053,187.0,Primo North End Studio
42.344775060259394,-71.0897079080066,143.0,"Just Steps to Fenway Park & Berklee College, #107"
42.3677763751764,-71.05398494483002,252.0,Perfetto North End 1brm
42.36474704062829,-71.05588948386952,337.0,Prima Boston North End 2brm
42.35398,-71.06293,472.0,Simple & Spacious Apartment!
42.30218,-71.0624,71.0,Boston Charm 2 :Private Room Near Downtow
42.341136,-71.049587,252.0,"Blueground | S Boston, gym, nr red line & shops"
42.2584698,-71.1198095,315.0,Beautiful peaceful and safe
42.2591,-71.12067,439.0,Peacefully Safe and unique
42.34858755849173,-71.08947860978112,672.0,Large 2 BR|2 BA + Patio in Back Bay
42.33412,-71.04619,392.0,Brand New 2 BR | 1 BA in So. BOS #2
42.3537627,-71.05305440000001,284.0,"Blueground | Downtown, gym & w/d, nr waterfront"
42.3537627,-71.05305440000001,271.0,"Blueground | Downtown, gym & laundry, nr shops"
42.27556,-71.13127,170.0,Modern/Clean Condo - Full Condo 15 min walk to T
42.320108757690704,-71.0785428252252,110.0,Close to major hospitals
42.36638,-71.04007,354.0,"Spacious 1BR, Harbor & Skyline Views | Boston"
42.24991,-71.14139,199.0,Quiet Suite in Boston
42.27975022155263,-71.1604904383421,84.0,Boston Private Bedroom near train/bus
42.30806145698536,-71.10006342931624,70.0,Jamaica Plain apartment for travel nurses
42.35925570000001,-71.12491399999999,485.0,"Boston Hospitality Homes, Harvard"
42.28089,-71.15935,112.0,Boston Bedroom with private bath/step to Train&Bus
42.3660348,-71.0392373,206.0,luxurious and comfortable room(shared house)
42.36507,-71.05154,296.0,Spacious North End 1 BR | 1BA
42.34116,-71.08065,234.0,Charming Brownstone Studio
42.335650488641726,-71.04625129340066,319.0,Brand New 2 BR | 1 BA in So. BOS #3
42.30239,-71.06824,48.0,Private Queen Bedroom in Boston
42.32108,-71.06167,66.0,230B3.3  | The Mayhew Redline | AC & W/D | Rm #3
42.32044,-71.07531,798.0,NEW ! Boston Full Home Near MBTA ! 3 Mi To Fenway!
42.2968,-71.08925,457.0,4 Rooms in Boston. Private Baths
42.34367345364903,-71.14692059629517,120.0,"Chic & Sunny Boston Condo – WFH, Pool, Parking + T"
42.3469948,-71.1452694,313.0,"Blueground | Brighton, gym, nr green line & dining"
42.32428,-71.07963,170.0,Cozy 2BR in victorian brownstone
42.35028935587033,-71.17393338414931,80.0,Private Beautiful Large Sunny Large Room #1
42.31794,-71.0785,341.0,4-bed / 2-bath Modern Condo Minutes from Downtown
42.3526921,-71.0712426,206.0,Roh Needs copywriter review
42.3511858,-71.06401699999999,292.0,"Blueground | Chinatown/Theater Dist, gym, nr t"
42.375558476816586,-71.03573253428006,101.0,Cozy Room 15 Minutes to BOS Airport
42.35025,-71.17402,78.0,Private Charming Room by Oak Square #3
42.37750854892392,-71.06135727463014,1900.0,Renovated Boston Brownstone
42.34020616071716,-71.1066155102937,206.0,"Fenway Cultural, 2 bed 2 bath"
42.2919472,-71.1540823,163.0,25A1 | The Alameda 1 | 2BR 1B w/AC & W/D | Private
42.35252,-71.07614,311.0,(J2) Guest's favorite! Beautiful Direct Access !
42.358874,-71.07106379999999,143.0,Historic Mayor’s Mansion #1
42.31487362965756,-71.06099776279504,112.0,14P.R | The Grand View | 5BR 2B w/AC | Rose Room
42.34424145853508,-71.09827697614229,345.0,"Two-Bed, Two-Bath Apartment In the Fenway District"
42.34173,-71.10686,206.0,Luxury 2BR 2BA apt Fenway .Boston.
42.3439382,-71.0638329,455.0,"Blueground | South End, gym, nr groceries & shops"
42.346155,-71.070907,206.0,Roh Needs copywriter review
42.3586292966988,-71.06915347405202,125.0,Beautiful 1Bedroom Apartment in Beacon Hill Boston
42.36005,-71.06669,140.0,Super Cozy 2-Bedroom apartment in downtown Boston
42.3606712815682,-71.06893519510199,179.0,Top quality 2 Bedroom Apartment in Beacon Hill
42.2854383313153,-71.0930408048361,315.0,"Clean, Modern & Great Location"
42.35877,-71.06785,120.0,Charming 1 Bedroom Apartment in Downtown Boston
42.3490612,-71.04471360000002,257.0,"Blueground | Seaport, gym, close to shops & dining"
42.36012,-71.06878,125.0,Cozy 2-Bedroom Apartment in Downtown Boston
42.2904438,-71.06052489999999,123.0,Rooms in Modern Appartment| Near Subway|Local
42.36003,-71.06735,135.0,Beautiful 2 Bedroom in Beacon Hill Boston
42.3537627,-71.05305440000001,284.0,"Blueground | Downtown, gym, nr restaurants"
42.31119413032659,-71.05374671024839,387.0,3BR2BA Apt - Near train station
42.365947,-71.063473,325.0,"Blueground | N Station, w/d & gym, nr restaurants"
42.348645,-71.0793489,327.0,"Blueground | Back Bay, gym & w/d, nr shopping"
42.33037,-71.10773,145.0,Longwood/Fenway Hill Top 1BR Garden Apt
42.3376382,-71.03912129999999,125.0,Cozy suite in the city!
42.31680674305933,-71.06661867964523,130.0,Boston Dream Space
42.31721,-71.06667,124.0,Boston Charm Room
42.31691,-71.06734,130.0,Boston City Lights
42.31836,-71.06859,160.0,Boston Private Room #5 With 1Full Bed
42.28207,-71.07796,345.0,New Spacious Home in Boston
42.35975,-71.13183,75.0,Near Harvard Business 1-3
42.35953,-71.13205,76.0,Near Harvard Business 1-1
42.35710781906268,-71.06094766093314,516.0,Downtown Designer Home| Keyless
42.30974336956421,-71.0805977546177,206.0,cozy room in quiet area
42.33191073665216,-71.05332541426975,50.0,"Cozy Private Room, Walk to Red Line & Beaches"
42.365947,-71.063473,332.0,"Blueground | North Station, gym & w/d, nr shopping"
42.36553079999999,-71.06490629999999,393.0,"Blueground | North Station, gym, nr restaurants"
42.3475057,-71.1010258,290.0,"Blueground | Fenway, gym, nr green line & dining"
42.359921,-71.149558,221.0,"Blueground | Brighton, gym & w/d, on the river"
42.35992,-71.14956,239.0,"Blueground | Brighton, gym & w/d, on the river"
42.359921,-71.149558,206.0,"Blueground | Brighton, gym & w/d, on the river"
42.359921,-71.149558,223.0,"Blueground | Brighton, gym & w/d, on the river"
42.359921,-71.149558,223.0,"Blueground | Brighton, gym & w/d, on the river"
42.31697,-71.06885,190.0,Boston Delight
42.3185,-71.06844,133.0,Boston Breeze Room
42.31481801633639,-71.08333136154386,62.0,"Cozy & Private Bedrm, Bathrm & Patio near Downtown"
42.352323,-71.0468488,206.0,Super-functional YOTEL minimalist design
42.31115,-71.07886,61.0,sunny and spacious in quiet area
42.3172247,-71.0598285,795.0,Classic Boston Home | near T
42.34949864623206,-71.17344584316015,75.0,Private Room/ Boston Collage #7 (newly listed)
42.276477274546494,-71.13149719995816,160.0,"Marble Home! Sleek, Clean, & Modern!"
42.34777380000001,-71.1460998,315.0,"Blueground | Brighton, gym & w/d, nr T stops"
42.37804,-71.03541,154.0,Getaway Serenity Suite next to Logan Intl Airport
42.34195229407519,-71.0778000853439,289.0,"(476-4)  2Beds, South End/ Back Bay, Roof Deck!"
42.34203862198592,-71.07862838084993,195.0,Historic Brownstone Studio Retreat
42.365947,-71.063473,262.0,"Blueground | North Station, gm & w/d, nr dining"
42.2847052,-71.1289068,206.0,"Rusty's Attic Lair, Double, Shared & Private Baths"
42.32226863510604,-71.05544679281388,53.0,J. Small room easy commute to Boston Downtown.
42.34342,-71.08265,434.0,Heart of Back Bay Condo 3BR 2BAA
42.28297,-71.07334,206.0,"Quiet spacious home, near train"
42.28347190661851,-71.07387375399672,206.0,Room available in quiet home
42.32121,-71.07998,89.0,Alaska Street R45
42.365947,-71.063473,421.0,"Blueground | North Station, gym, nr restaurants"
42.365947,-71.063473,374.0,"Blueground | North Station, gym, nr dining & T"
42.35251,-71.07586,260.0,"(J9) Best location! 2Beds, Top Floor, Back Bay!"
42.36321,-71.04947,392.0,Endless Summer: Oceanside Views
42.363277751801824,-71.05108931394656,373.0,Capricornus: Oceanside Vacation
42.36303,-71.05102,478.0,Patriot: Three Story Vessel
42.3524463399887,-71.07626412303436,231.0,"(J10) Back Bay 2 Bedrooms/ 2 TVs, 2 Desks! SMALL"
42.3506,-71.0679,206.0,ADA accessible in Back Bay (cleaning included)
42.3506,-71.0679,206.0,Gem near theater district (cleaning included)
42.3506,-71.0679,206.0,ADA accessible+tasteful style (cleaning included)
42.3506,-71.0679,206.0,Serene interiors in Back Bay (cleaning included)
42.365947,-71.063473,487.0,"Blueground | N Station, gym, close shops & dining"
42.38246231733909,-71.03013849666957,179.0,Cozy East Boston Apt with Patio
42.3575,-71.05286,206.0,Historic downtown gem with Fin Oyster Bar & Grille
42.3575,-71.05286,206.0,Handsome brown leather & aged brass details
42.3575,-71.05286,206.0,Comfy king plus onsite coffee bar
42.3575,-71.05286,206.0,High ceilings and oversized windows
42.3575,-71.05286,206.0,Large windows and accessible features
42.3575,-71.05286,206.0,Two queens and accessible features
42.3575,-71.05286,206.0,"Inviting Art Deco-styling, sleeps 4"
42.3575,-71.05286,206.0,Full or partial views of the city or harbor
42.36045,-71.0696,139.0,Wonderful 3 Bedroom Apt in Boston
42.359985869810735,-71.06730585445456,135.0,Exquisite 3Bedroom Apt with in Beacon Hill
42.28825230222739,-71.0638442666993,234.0,Newly Renovated 3BR Apartment
42.26582638436008,-71.10581891070062,206.0,Master Bedroom with 1 bed
42.346155,-71.070907,206.0,Steele Canvas tote bags with robe & slippers
42.346155,-71.070907,206.0,3’s not a crowd here (1-person hall baths)
42.346155,-71.070907,206.0,ADA room with individual hall bath
42.346155,-71.070907,345.0,Accessible queen with bath just down the hall
42.346155,-71.070907,206.0,Make yourself at home – kitchenette awaits
42.346155,-71.070907,206.0,Edgier take on historic Boston
42.346155,-71.070907,206.0,Roomy loft plus fitness center with Peloton bikes
42.346155,-71.070907,206.0,Ask about Public Bikes for zipping around town
42.346155,-71.070907,206.0,Soft Mascioni linens & ADA features
42.346155,-71.070907,206.0,Boston brownstone vibe with 2 doubles
42.346155,-71.070907,388.0,Rebel spirit & onsite Cal-Mex eats
42.346155,-71.070907,206.0,Apartment-style digs with South End views
42.346155,-71.070907,206.0,Craft coffeeshop and dog-friendly policy
42.33679415089076,-71.0487385064877,110.0,Private Room in the Heart of South Boston!
42.34761958051074,-71.10176605034547,206.0,Chic 2BR/2BA Retreat in the Heart of Fenway Park
42.28876,-71.12024,200.0,Roslindale penthouse
42.28249575017325,-71.12207324709658,81.0,"#1 ""Top of the Hub"" Bansky Room"
42.36079,-71.05584,206.0,Close to Boston Harbor and Faneuil Hall
42.36079,-71.05584,206.0,Prime North End location & seasonal dining patio
42.36079,-71.05584,206.0,Onsite restaurant with views of Faneuil Hall
42.36079,-71.05584,206.0,Near Little Italy’s famed restaurants & bakeries
42.36079,-71.05584,206.0,"Cozy fireplace, balcony & rustic ceiling beams"
42.36079,-71.05584,206.0,"Iconic views, free WiFi, smart TV & more"
42.30541711581854,-71.11780838218236,418.0,Spacious Condo Near Arboretum & Longwood
42.33842,-71.07143,260.0,"Boston Medical & Landmarks, public transportation"
42.35846,-71.07213,143.0,Historic Mayor's Mansion #2
42.30787626880737,-71.09994233862305,309.0,Park-Side Home in Jamaica Plain
42.366842,-71.05097,206.0,"Serene and inviting, with ADA amenities"
42.366842,-71.05097,206.0,Upholstered headboards and luxe European linens
42.366842,-71.05097,206.0,"Understated comfort and style, with ADA features"
42.366842,-71.05097,206.0,Spacious granite baths and views of the harbor
42.366842,-71.05097,206.0,Burled wood furnishings and granite baths
42.366842,-71.05097,206.0,ADA amenities in a beloved part of Boston
42.366842,-71.05097,206.0,Rich fabrics and enviable waterfront views
42.366842,-71.05097,206.0,Spot-on amenities and ADA conveniences
42.366842,-71.05097,206.0,Modern luxury in the Boston tradition
42.365947,-71.063473,379.0,"Blueground | N Station, gym & w/d, nr td garden"
42.26808,-71.11704,60.0,Lavender Dream Room near Forest Hills
42.32184,-71.10216,471.0,"Your Home Away from Home : Jamaica Plain, Boston"
42.35759,-71.0614,142.0,The Bellevue Haven
42.36024,-71.1299,96.0,Near Harvard Business 2/4
42.25150597088558,-71.13251906307836,143.0,2bd 1.5 bath with launfry and parking in boston
42.24684,-71.11612,283.0,"Modern 3BR Suburban Retreat, Minutes from Downtown"
42.32231,-71.07877,90.0,Spacious Private Brownstone Apt
42.3328365,-71.050833,218.0,Cozy Condo in South Boston
42.31585,-71.09001,133.0,Beautiful private furnished and spacious unit.
42.31662,-71.0819,185.0,Charming & Spacious 2-BR Apt near Downtown
42.34806221604941,-71.14616869948904,255.0,Peaceful suite in Boston with city views
42.3439382,-71.0638329,396.0,"Blueground | South End, gym, nr groceries & shops"
42.34832920664437,-71.06932221691895,137.0,"Bay Village Suites, Perfect Gem Studio"
42.325359750155584,-71.05775963350183,66.0,Full Bedroom 2C in #193: South Boston
42.32774436832816,-71.09050801665343,57.0,Queen Bedroom  A in #990: Fort Hill
42.331441473878265,-71.04816156047617,69.0,Queen Bedroom A in #1732: South Boston
42.2899,-71.06906,206.0,Queen Bedroom A in #1733: Dorchester Center
42.342530408431,-71.10108052546113,375.0,Sonder at Pierce Boston | Superior 1BR Apartment
42.3550474,-71.0622106,159.0,Temple Place Suites: Stay Tonight!
42.34469148848406,-71.10134438367714,968.0,Sonder at Pierce Boston | Superior 2BR Apartment
42.329509411929656,-71.05572305321769,206.0,5BR 3BATH LUX | Walk to Subway
42.33112,-71.0576,206.0,2Beds Sleep 4 w Private Bathroom | Walk to Subway
42.32957,-71.05597,206.0,King Bedroom Downtown  10 min Sbwy 1 min
42.33132,-71.05608,206.0,Private Room | MTBA Access | Near Restaurant
42.32932,-71.05724,206.0,Boston Private Room | Public Transport 3 min walk
42.34655,-71.08497,263.0,5-min walk to Prudential Ctr & 3 blocks to Fenway
42.349248,-71.041437,206.0,Private oasis on Boston's historic waterfront
42.32123082518254,-71.05774389947783,93.0,Studio close to medical center/T
42.34777380000001,-71.1460998,287.0,"Blueground | Brighton, gym, pool, w/d & doorman"
42.3325797,-71.04840709999999,206.0,Sunny South Boston Condo with Private Hot Tub
42.31467,-71.06034,206.0,Private Spacious Suite + Priv. Office & Bathroom
42.24472838852835,-71.12051106444976,250.0,Boston-Fairmont Hills Apartment
42.37675,-71.05916,229.0,Boston Apartment with parking available!
42.348,-71.14659,178.0,Lavish Boston studio with separate bedroom
42.32128,-71.05731,93.0,New Boston studio close to T
42.346668000163774,-71.14443911251824,163.0,Lovely Boston studio with bedroom and city views!
42.34958906812464,-71.10019070402295,126.0,Downtown Boston Apt with BayView
42.34777380000001,-71.1460998,226.0,"Blueground | Brighton, pool, gym, nr groceries"
42.3603,-71.06588,206.0,2 big rooms private baths & deck
42.34636307380271,-71.06294727796103,418.0,"Boston Central Penthouse: City Views, Pool & More"
42.3569413,-71.069678,206.0,Each room has a unique layout and distinct artwork
42.3569413,-71.069678,206.0,Classy dining with locally sourced ingredients
42.3569413,-71.069678,206.0,Top floor charmer overlooking Charles Street
42.3569413,-71.069678,206.0,Cocktails on the seasonal open air rooftop
42.3569413,-71.069678,206.0,Renovated boutique find in 19th century gem
42.36469,-71.05528,285.0,Central 2 Bed in North End; Near Waterfront & MGH
42.365947,-71.063473,514.0,"Blueground | N Station, gym & w/d, nr T & shops"
42.348419,-71.069839,131.0,Studio in Boston with Flexible Cancellations!
42.3411,-71.10624,611.0,Modern Apartment Fenway
42.33966,-71.10409,611.0,Fenway condo bedroom 2 bath
42.36748,-71.05456,133.0,*3TDGarden Celtics/Bruins/Lil Italy/Historic
42.36709265916908,-71.05351148639087,133.0,*4 TDGarden Celtics/Bruins/Lil Italy/Historic
42.33687904341484,-71.04150395402579,206.0,2 Bedroom Southie Brownstone
42.337246872820245,-71.08557851758722,306.0,2 Bedroom Unit w/ Elevator & In-Unit Laundry
42.3301,-71.05538,808.0,Fully Furnished LUX House
42.3535584155072,-71.0477139574792,250.0,Gorgeous One Bed in Amenity-Rich Community
42.35201,-71.04772,240.0,One Bedroom in Boston With Luxury Amenities
42.35169,-71.04626,297.0,One Bedroom in Luxury Seaport Apartment Building
42.35238,-71.0475,240.0,Spacious One Bedroom in Luxury Boston Building
42.34713,-71.08009,195.0,One Bedroom in Luxury Boston Apartment Building
42.32436,-71.10818,206.0,Spacious Colonial in Jamaica Plain!
42.34923515642239,-71.07898978604423,250.0,"Spacious and Modern One Bedroom, Back Bay"
42.36033286357713,-71.07095370041846,110.0,Best Boston Beacon Hill 2Bedroom Studio
42.36009619910877,-71.12764886307532,70.0,Spacious room near Harvard Stad.
42.29536,-71.05618,240.0,"Renovated 3B, 2BA, Skyline View, Laundry, Cen Air"
42.3564,-71.05731,206.0,Assemble sandwiches to-go in your kitchenette
42.3564,-71.05731,206.0,Prime location for sightseeing
42.3564,-71.05731,206.0,Cozy room for a post Freedom Trail snooze
42.3564,-71.05731,206.0,Historic Compton Building home base
42.3564,-71.05731,558.0,Spacious & well-appointed for longer stays
42.3564,-71.05731,206.0,"Larger room, historic Compton Building"
42.34605,-71.14576,193.0,Comfy studio in Boston
42.3476984058586,-71.08334861978648,490.0,Washer and Dryer - Location - Newbury and Boylston
42.3563603,-71.0617784,1215.0,Luxury 3 bedroom 3 bathroom downtown loft
42.3673067,-71.0378328,337.0,"Modern Luxury | Free Parking, Near T | Home Cinema"
42.32751,-71.08527,112.0,A King Bed | Private Bath
42.326168884510594,-71.08676646723976,83.0,King Bed | 3rd Floor | Sunny
42.32621200108758,-71.08694337901906,61.0,Petite Bedroom | 3rd Floor | Fort Hill
42.3563603,-71.0617784,1350.0,Penthouse luxury suite.  Huge great room. 3 beds.
42.35718015235457,-71.06255274199684,206.0,Family friendly 3 bed 3 bath
42.35602,-71.06094,206.0,Downtown Loft perfect for group 3 bed 3 bath
42.35534,-71.0629,1350.0,Huge great room for entertaining. 3 bed 3 bath lux
42.27246293303935,-71.09133045658012,238.0,Home in Boston/Mattapan/Milton
42.346061141726416,-71.14480196358258,239.0,Beautiful private suite with balcony|fully stocked
42.32743877499177,-71.08500299897628,80.0,Cute King Bed | In The Middle of Boston
42.35900148957093,-71.12519092068672,206.0,"Private Room close to HBS, Harvard, BU, MIT"
42.32775904493979,-71.08533088683889,81.0,Centrally Located | King Bedroom
42.34722,-71.08026,250.0,Stylish One Bedroom Apartment in Back Bay
42.347582874101285,-71.07896338066085,206.0,One Bedroom Apartment W/ Luxury Amenities
42.34735001011338,-71.07892405459607,260.0,"Modern one-bedroom apartment in central Back Bay,"
42.34558,-71.09819,340.0,Bright Boston Two Bedroom Near Iconic Fenway Park
42.35933215079435,-71.12307710831466,93.0,独立房间加独立书房 ｜哈佛工程学院/商学院步行距离
42.34797971098249,-71.10197428211546,206.0,Stunning apartment in Fenway
42.30504,-71.0665,147.0,IV NewApart LuxuryAmenitieBoston
42.36096,-71.12318,88.0,"Large Room w/Private Bath, Near Harvard, BU, MIT"
42.36124351312512,-71.12450899874564,91.0,"Private Room, Walk to HBS/Harvard/MIT"
42.3228114,-71.10686199999999,144.0,Boston City Living in Comfort!
42.3593,-71.06664,135.0,Beacon Hill Pied ~a~Terre
42.348663118230334,-71.14663905472659,202.0,Elegant Boston suite
42.35042,-71.06731,50000.0,Downtown Boston Stay: Walk to Prime Attractions
42.35042,-71.06731,40000.0,"Suite King, Revere Hotel, Dining, Near Copley Sq"
42.35042,-71.06731,206.0,Sophisticated Stay w/ Rooftop Bar! Pet-friendly
42.35042,-71.06731,40000.0,"Premier King Skyline, Revere Hotel, Near Fenway"
42.35042,-71.06731,50000.0,"Deluxe 2Q Bay View, Revere Hotel, Pet-friendly"
42.35042,-71.06731,206.0,Historic Suites - Infused w/ Boston's Rebel Spirit
42.35042,-71.06731,50000.0,"2 Back Bay View 2Q, Revere, Chic Living Space"
42.35042,-71.06731,40000.0,2 Stylish Boutique Rooms w/ Rooftop Bar Access
42.35042,-71.06731,50000.0,3 Edgy Rooms Steps from Boston Public Garden
42.35042,-71.06731,40000.0,"3 Back Bay View 2Q, Revere Hotel, Boutique Style"
42.35042,-71.06731,40000.0,4 Dynamic Rooms Perfect for Family Vacation! Pets
42.35042,-71.06731,206.0,"4 Back Bay View 2Q, Revere Hotel, Authentic XP"
42.35042,-71.06731,40000.0,"Deluxe King Bay View, Revere Hotel, Fitness Center"
42.35042,-71.06731,40000.0,Modern Boston Stay w/ Authentic New England Dining
42.35042,-71.06731,206.0,Modern Boston Stay w/ Authentic New England Dining
42.35042,-71.06731,50000.0,"Deluxe 2Q City View, Revere Hotel, Great Location"
42.35042,-71.06731,50000.0,"2 Cozy Rooms w/ Pet-Friendly Amenities, Parking"
42.35042,-71.06731,40000.0,"2 Deluxe 2Q City View, Revere, Near Newbury St"
42.35042,-71.06731,50000.0,"3 Deluxe 2Q City View, Revere Hotel, Rooftop Bar"
42.35042,-71.06731,40000.0,3 Urban Lofts Near Fenway Park – 10 Min Stroll
42.35042,-71.06731,40000.0,"4 Historic StaysIdeal for Boston Exploration, Pets"
42.35042,-71.06731,40000.0,"4 Deluxe 2Q City View, Revere Hotel, Pet-Friendly"
42.35042,-71.06731,50000.0,"Deluxe King City View, Revere Hotel, Rooftop Bar"
42.35042,-71.06731,40000.0,Stylish Boston Room Perfect for Culture Enjoyers
42.35042,-71.06731,40000.0,"Rebellious Boutique Stay Near Newbury St, Parking"
42.35042,-71.06731,50000.0,"Superior 2 Queens, Revere Hotel, Bar, Near Shops"
42.35042,-71.06731,50000.0,2 Modern Suites w/ Authentic New England Dining
42.35042,-71.06731,50000.0,"2 Superior 2 Queens, Revere Hotel, Pet-Friendly"
42.35042,-71.06731,40000.0,"3 Superior 2 Queens, Revere Hotel, Downtown"
42.35042,-71.06731,40000.0,3 Sleek Condos Near Freedom Trail – 5 Min Walk
42.35042,-71.06731,50000.0,4 Vibrant Stays Close to Newbury Street – 2 Min
42.35042,-71.06731,40000.0,"4 Superior 2 Queens, Revere Hotel, Bold Ambiance"
42.35042,-71.06731,40000.0,"Superior King, Revere Hotel, Dining"
42.35042,-71.06731,40000.0,Chic Hotel with Skyline Views! King Bed w/ Balcony
42.29601089623029,-71.08635488254166,81.0,Clean and cozy 5 star
42.29619208313504,-71.0846392370577,81.0,Clean and cozy 5 star
42.3439382,-71.0638329,362.0,"Blueground | South End, gym, w/d, nr groceries"
42.351567416933456,-71.15641571111287,206.0,Beautiful Greater Boston Rental
42.31698847451584,-71.05349589540947,64.0,Queen Bedroom A in #977: JFK/UMass
42.35593,-71.13242,64.0,Queen Bedroom C in #1285: Allston
42.34703,-71.10018,206.0,"Fenway Park high-end building, King bed"
42.35491733054882,-71.16162449489862,122.0,Sunny Charming Room
42.2959361,-71.0808318,135.0,A Cozy New 1-BR  Apt (9B1) Near Downtown Boston
42.32837,-71.11039,699.0,Nice 2 BR 2BA Boston hospitals
42.35145301197261,-71.08240416314436,316.0,Brownstone Oversized Furnished Studio in Back Bay
42.35243340572185,-71.16174877844398,122.0,Sunny Spacious Room
42.34628135597334,-71.14536593744064,153.0,Gallery like studio with room divider near city
42.34826,-71.14595,214.0,Artful Boston escape with city views
42.34192237463292,-71.07907155774586,188.0,"(476-8)  Studio, South End/ Back Bay , Roof Deck!"
42.34383977780176,-71.07942220915876,218.0,"(476-3) Bright Studio, Outdoor Space, A+ Location!"
42.34521,-71.08535,250.0,Modern One Bedroom with Views
42.34676,-71.08412,275.0,Elegant One Bedroom with Amenities
42.34703,-71.04371,206.0,Lively spot near the Children’s Museum & more
42.315307310963455,-71.06243050526253,54.0,Cozy Private Room Boston near T- JFK/UMass
42.37710219377385,-71.05963438342549,131.0,Furnished One bedroom + office
42.27973875507627,-71.16085863782494,506.0,W.R. Duplex apt flrs 2 and 3 sleeps 10 Boston
42.38606,-71.00721,371.0,"SeaCorner Boston – Walk to T, 5 Min to Airport"
42.35404,-71.06295,342.0,Downtown Lux Apt. Stunning View | 2 Beds+2 Baths
42.35707968357052,-71.1375612816063,245.0,Fully Renovated 3 Bed Apartment. BU | BC | Harvard
42.3413111,-71.15935689999999,206.0,Summer sublet Boston College
42.3347357,-71.1018627,205.0,"Blueground | Longwood, shared w/d, nr bars & food"
42.34365,-71.0773,322.0,"(476-1) 1st Floor, Roof Deck, Views, A+ Location!"
42.29381182210992,-71.05483964803148,240.0,"3BR Gem | Skyline Views, Laundry & Central Air"
42.33879071981539,-71.07193168859966,251.0,Cozy 1 Bed Near Boston Medical
42.31977,-71.07991,68.0,Alaska Street R40
42.32423627823077,-71.09105080649816,237.0,Bright Brownstone w Terrace+View
42.32767,-71.08916,74.0,Stylish Private Room in Roxbury Co-Living APT
42.332195751878665,-71.03517925620687,206.0,Comfy Private Room with WiFi near Tufts/UMass
42.31695371700309,-71.05492891181542,196.0,Convenient 2 br near Bus/Train
42.3511858,-71.06401699999999,380.0,"Blueground | Chinatown/Theater Dist, gym, nr bars"
42.35119,-71.06402,416.0,"Blueground | Chinatown/Theater Dist, gym, nr food"
42.35119,-71.06402,320.0,"Blueground | Chinatown, w/d, nr green line & bars"
42.35119,-71.06402,295.0,"Blueground | Theater Dist, gym, nr entertainment"
42.35331,-71.04779,257.0,One Bed in Seaport District With Amenities
42.34924992971563,-71.0822556529807,365.0,Modern Two Bedroom Apartment in Boston's Back Bay
42.34677,-71.15688,74.0,[Fabulous Room with kitchen 5 min to Boston Coll ]
42.36045843844824,-71.06439709495504,180.0,Convenient Beacon Hill Rental by MGH & TD Garden#5
42.38005642476696,-71.02840215066864,218.0,2 bedroom Modern Condo w/Private Roof Top!
42.36191713265722,-71.14313105567548,206.0,"Comfy 3-Bundle Rooms, Shared Apt, Brighton"
42.36032,-71.1432,206.0,Cozy 2 Bundle Rooms near Charles River
42.3010749,-71.08379359999999,437.0,Brand New 4BR 2.5Bath House 20Min  Downtown Boston
42.29508188401479,-71.07113307301636,133.0,"Comfortable, Centrally Located 3 Bed in Boston"
42.3406,-71.08001,195.0,Stylish South End Studio with Private Kitchenette
42.33483,-71.03652,206.0,Heart of Southie 1BR/1BA Retreat
42.32386352651769,-71.05600823801738,376.0,Boston - Great Location-Apt 2nd floor - 8 people
42.3115020854777,-71.08870089961098,86.0,"Spacious Home- Master Suite, Private Bath & Office"
42.31590552722961,-71.09311744775373,299.0,Modern Single Family Home minutes from Fort hill
42.31672295270173,-71.11642094726638,206.0,Stunning Family Oasis in JP Center
42.36838041054629,-71.03187347565287,206.0,Stylish 1 bedroom condo in Boston near waterfront
42.35112844551559,-71.0642076371811,206.0,2BR in Downtown Boston 3229
42.34965606123547,-71.0736636412829,233.0,"Expansive Back Bay Loft, Sleeps 4, 1B/1B"
42.34793,-71.07158,233.0,Pet-Friendly Loft in Back Bay – Sleeps 4
42.34527,-71.1607,231.0,Lovely & Quiet 2BR in Brighton
42.3461461993108,-71.14416052533325,183.0,Cozy Boston studio
42.37675615633171,-71.05792112010776,750.0,Luxury Charlestown! city home!
42.34833710727391,-71.14493626763553,149.0,Stylish studio with room divider near downtown
42.34861,-71.14525,177.0,Luxury suite with room divider near downtown
42.34232,-71.09625,206.0,Modest Private Room #236 C
42.35100059907109,-71.09354588542584,145.0,Free Parking 2 Bed 1 Bath Steps from BU/Kenmore
42.3493361,-71.0826586,769.0,"Penthouse, Parking, Private Deck, W/D, Back Bay!"
42.36475,-71.06355,257.0,"(42L2) Celtics, Bruins! Lets GO!"
42.31656978707012,-71.05215551992968,142.0,Private Studio Guest House w/ Free Parking
42.349422115176,-71.0739027050214,373.0,Open concept 2 bed loft in Back Bay
42.35891,-71.06544,235.0,"(MGH7-1)Prime Location, Shopping, Hospitals, Cafés"
42.28319,-71.07236,65.0,Spacious Bedroom & Private Bath 3A
42.28154,-71.0724,60.0,Large Bedroom & Private Bathroom 3B
42.3581485,-71.0624814,155.0,Elegant Beacon Hill Apt by MBTA
42.27816883369852,-71.14712801052458,80.0,Beautiful Vintage Oval Room with Greenery Views
42.3496,-71.07185,206.0,"Expansive Back Bay Loft, Sleeps 4, 1B/1B"
42.34832940621588,-71.07179035995318,206.0,"Unique oversized loft, in unit laundry, Back Bay"
42.32396,-71.09028,749.0,"Boston Home: 5BR, 6 Beds, Sleeps 12, Free Parking!"
42.34273,-71.08052,194.0,Cozy Studio in Historic Brownstone
42.2821,-71.12259,65.0,"#4 ""Top of the Hub"" Secret Agent Room"
42.339042,-71.0803574,293.0,The Chester: Penthouse One Bedroom
42.339042,-71.0803574,266.0,The Chester: Urban Chic Retreat In South End
42.339042,-71.0803574,261.0,"The Chester: Hip, Renovated, South End"
42.339042,-71.0803574,222.0,"The Chester: Vintage Elegance, Modern Comfort"
42.339042,-71.0803574,227.0,"The Chester: Modern Luxury, Historic Charm"
42.339042,-71.0803574,256.0,"The Chester:  Urban Luxury, Modern Design"
42.339042,-71.0803574,220.0,"The Chester: Modern, Cool, Heart Of South End"
42.28401000476389,-71.12231785322327,92.0,"#3 ""Top of the Hub"" Marilyn Monroe Room"
42.34814,-71.08651,474.0,Bright Newbury Street 1 Bedroom
42.27756063517099,-71.16141550961004,56.0,W.R. Private full bed floor 1 Boston
42.34321,-71.14698,524.0,Spacious 4BR Apartment – 3rd Floor
42.36573366146302,-71.05616306007353,99.0,5 TDGarden Celtics/Bruins/Lil Italy/Historic
42.35326178636199,-71.12610208358956,265.0,Large 1 bedroom home / free parking spot /Location
42.26980269227048,-71.11877419392917,81.0,Private suite Bed & bath near Forest Hills Station
42.34735,-71.15401,158.0,Brighton Center  1br
42.3152811,-71.0732458,40.0,Comfort and Convenience of Home in Boston!
42.3162,-71.07229,50.0,Coziness and Convenience of Home!
42.33424485793947,-71.0487063601613,453.0,Spacious South Boston 2Bed wDeck
42.334237670743775,-71.04871273040771,181.0,Private Floor w/Bed/Bath/LivingR
42.366950699836266,-71.03605703260041,204.0,Best Location In Boston!
42.242,-71.13201,144.0,"Modern 2BR Apt, 30 min to Downtown w/Parking Spot!"
42.34438,-71.08304,185.0,Walk everywhere! 1 bed / 1 bath! Super Location!
42.33330149929333,-71.05203971160623,206.0,Easy Commute South Boston 4BR/1BTH Apartment
42.33832,-71.10647,50000.0,Stay in the Heart of Medical Boston - Parking
42.32290005888324,-71.06823785685711,162.0,Stylish Condo with Parking/Wi-Fi
42.3511858,-71.06401699999999,373.0,"Blueground | Theater Dist, gym, lounge & A/C"
42.33832,-71.10647,206.0,"Premium King, Longwood Inn, Modern Comfort"
42.33832,-71.10647,50000.0,"Superior King Room, Longwood Inn, Close to Museums"
42.33832,-71.10647,50000.0,"Premium Two Queen, Inn at Longwood, On-Site Dining"
42.33832,-71.10647,206.0,"Premium 2 Queen, Longwood Inn in LMA - 2 Units"
42.33832,-71.10647,206.0,2 Rooms in LMA - Near Harvard Medical School
42.33832,-71.10647,206.0,"Two Queen Room, Longwood Inn, Near Medical Centers"
42.33832,-71.10647,206.0,"Two Queen Room, Inn at Longwood, Near BU - 2 Units"
42.33832,-71.10647,206.0,2 Comfortable Stays Near Fenway Park - 10 Min Walk
42.33387,-71.05094,759.0,Private Parking! 4BR Family Home in South Boston
42.29337258791596,-71.13204089179278,360.0,2 bed in Boston
42.37116262024412,-71.03627927357255,131.0,Convenient 1BR close to Airport
42.38999,-71.00823,237.0,"Cozy/Spacious & Sunny Apt/ Downtown,Airport Nearby"
42.34085299632107,-71.09900111273785,160.0,T New Stylish Fenway (Longterm.03)
42.34288111977049,-71.07874188009886,262.0,Stylish Studio in Historic Row House
42.33529,-71.0286,400.0,Two bedrooms by the beach with private bathroom!
42.28342,-71.12383,92.0,"#2 ""Top of the Hub"" Bob Marley Room"
42.3676,-71.05826,570.0,"TD Garden, Celtics/Bruins, Lil Italy,North End"
42.355056736770834,-71.06221200170934,138.0,Studio Ready 4 Students & Traveling Professionals
42.355056736770834,-71.06221200170934,152.0,Temple Place Suites: Book Today!
42.3550474,-71.0622106,217.0,Come Visit Boston and Stay In Our Homey Studio
42.355087,-71.062149,206.0,"Boston Studio, Ready For Long & Short Stays"
42.348278,-71.0705054,107.0,Simple & Affordable Efficient Studio Awaits!
42.28562646410546,-71.06928880152215,492.0,Modern 5BR | Near Subway & Downtown | Free Parking
42.36720742612293,-71.05453960515766,231.0,North End 1 BR with Common Roof Deck
42.36756331455032,-71.05261702063339,350.0,North End 1 BR in Little Italy
42.31512,-71.10048,155.0,JP Studio - Featured on Home&Texture
42.35623,-71.13677,276.0,"Renovated 2.5 BR near the City, Harvard, BU, BC"
42.3680729678385,-71.05307854413574,306.0,North End 1 BR - Steps to Hanover Street
42.36617,-71.0529,318.0,North End 1 BR + Patio in Little Italy
42.38110067368753,-71.02533223337656,136.0,Place next Airport/Downtown
42.34524,-71.06895,383.0,Stylish Boston retreat in a luxury neighborhood
42.36612,-71.05487,452.0,"Large 3 Bed, 2 Bath in North End; Near Waterfront"
42.34973,-71.07172,289.0,"Expansive Back Bay 2-Level Loft, Sleeps 4, 2B/1B"
42.383254998480496,-71.01917370667395,236.0,4 bdrm apartment next to Airport/Downtown
42.351851719619454,-71.14476543787319,238.0,Make this new apartment home!
42.3522851,-71.05910879999999,463.0,"Blueground | FiDi, gym, coffee bar, security, w/d"
42.26947239987608,-71.15062563902589,206.0,Luxury home in West Roxbury
42.3284,-71.11191,499.0,Luxury 2Br 2Ba condo Boston pond
42.3440177917834,-71.06418787316355,799.0,Luxury 2 BR 2 BA Apt Downtown Boston Prudential
42.36726564894177,-71.05752231805586,259.0,"TD Garden,Celtics/Bruins, Lil Italy,North End"
42.34834983936472,-71.07376425733058,206.0,"Expansive Back Bay Two-Level Loft, 2B/2B"
42.35993,-71.12736,50.0,The Harvard Room
42.32608,-71.0818,206.0,Perfect City Break
42.34941,-71.09055,181.0,(3-2) Cozy & Budget-Friendly Back Bay Studio
42.28705,-71.04096,701.0,"(DR54) Roof Deck 6Bedrooms,W/D, Parking, Baby Crib"
42.33654010990479,-71.05269715189934,240.0,Three level townhouse near South Boston's Best!
42.32336251442836,-71.10762143057383,135.0,Garden Level Studio
42.35192,-71.05904,2238.0,Boston Penthouse Skyline View - Whole Apartment
42.33084,-71.05546,206.0,Private Room near Public Transport
42.33135936969411,-71.05543650438885,206.0,Modern KING Room | Subway 3 mins
42.330084402820845,-71.05750976078363,206.0,Private Bedroom in Boston
42.32977094957992,-71.05735066100493,206.0,Private Bed & Bath | Downtown/Seaport/BCC + Subway
42.32922551078245,-71.05584341211232,206.0,2Bed 1Bath in the Room | Redline Subway
42.31925,-71.11408,211.0,"JP, Central Location, 3, Bedrooms, Stay NOW!"
42.34281,-71.07475,494.0,"Enjoy Boston, Private Patio On Montgomery Park"
42.34278,-71.08045,215.0,Stylish South End Studio Retreat
42.32595,-71.0803,167.0,"Stylish, 2BR Loft near Downtown Boston"
42.3522851,-71.05910879999999,307.0,"Blueground | FiDi, parking, w/d, gym & a/c"
42.35283,-71.1279,206.0,Fully renovated clean cozy 3bed1bath Allston
42.32209,-71.05621,446.0,Boston Apart with outdoor patio-8 people
42.3372541,-71.14780329999999,206.0,Beautiful bright room
42.36167702866017,-71.12573101778983,69.0,Harvard Room near the Biz School
42.38542,-71.00441,122.0,Guest Suite in East Boston
42.38267970554727,-71.07046985938011,206.0,Bright single-family home in Charlestown
42.34676,-71.14521,169.0,The Curie-Perfect for Monthly Stays
42.3374263,-71.0750942,250.0,1Bed/1BA+Office in the South End
42.34449233495892,-71.08887580555724,291.0,Symphony Suites #2 | Back Bay & Fenway
42.344538212604576,-71.08875778836058,272.0,Symphony Suites #3 | Back Bay & Fenway
42.344471621496574,-71.08878461045073,290.0,Symphony Suites #4 | Back Bay & Fenway
42.34453028283857,-71.08880070370482,310.0,Symphony Suites #5 | Back Bay & Fenway
42.3616439,-71.0556778,206.0,Walk to Faneuil Hall & the Freedom Trail!
42.33136,-71.111,60.0,"X22, Spacious Rm Near HMS/Longwood Hospitals"
42.35274,-71.06396,612.0,Chinatown Central Penthouse Boston w/Pool +Parking
42.33127853225833,-71.1088037027337,60.0,"X13, Near Harvard Medical/Longwood Hospitals"
42.2791829,-71.14073929999999,234.0,New modern 2bd condo: free parking/near train
42.3292,-71.11247,599.0,Luxury 2 Br Apt in Boston
42.3522094,-71.06390269999997,307.0,"Blueground | Downtown, elevator & a/c"
42.34791320516399,-71.14721208462687,160.0,The Lacks- Perfect for Monthly Stays
42.32900919828094,-71.10832292019836,117.0,H&H Boston
42.31920669719918,-71.08947326384582,313.0,Bright cozy apartment in Boston - Private Parking!
42.34697472787038,-71.14595262207264,180.0,The Nightingale-Perfect for Monthly Stays
42.3522094,-71.06390269999997,295.0,"Blueground | Downtown, elevator & a/c"
42.286349778275664,-71.04118946939707,200.0,Luxury Dorchester Apartment
42.282454906274815,-71.15511023251078,206.0,Grand Victorian
42.32614,-71.08678,95.0,King Bed | 3rd Floor | Spacious
42.33222742897316,-71.10904741343097,60.0,"X12, Near Harvard Medical/Longwood Hospitals"
42.32922041712783,-71.05708766039173,665.0,5BR 3Bth | Redline Subway Access
42.3428146,-71.0709449,650.0,2Bed/2Bath in Brownstone in Historic South End
42.33097060767341,-71.04129226934899,121.0,Private Bedroom in Modern Southie Home
42.28674926398643,-71.06844449366969,206.0,Ocean Street Retreat
42.34326317128834,-71.14953319667529,267.0,2 Free Parking spots / 4 Beds / Washer and Dryer!
42.32268910801122,-71.05858087970618,119.0,H5_Room 4 miles To Downtown Boston/BCEC
42.34287892242128,-71.15064968043978,90.0,Beautiful room/ 1 free parking spot  /Washer-Dryer
42.35698,-71.07214,106.0,Queen Room in Back Bay & Beacon Hill. Walk to MGH
42.2740567,-71.1502902,371.0,This Apartment is an great aerie in Boston
42.36672,-71.03848,206.0,Deluxe double room Whit Sea view( shared house)
42.28024449746761,-71.14150409806292,255.0,New modern cozy 3BR condo: free parking&near train
42.25876,-71.11842,150.0,Renovated 2nd Floor Apartment
42.33915,-71.07723,338.0,Light filled 2-level home
42.28370982885688,-71.11504110597,206.0,Pristine1b1b. Neartransit. FreeStreetParking
42.30218,-71.0624,76.0,Boston Charm 1: Private Room Near Downtow
42.33832,-71.10647,206.0,Welcoming Stay Perfect for Academic Guests
42.33832,-71.10647,206.0,Two Queens in Longwood Medical Area - Parking
42.33832,-71.10647,206.0,Family Suite Close to Boston Children’s Hospital
42.31345,-71.0558,370.0,Modern Cozy 3BR-2BA Apt Near T
42.3774429,-71.03858319999999,96.0,Travel: Therapy
42.28689,-71.13246,129.0,Studio Sixteen
42.31384,-71.05528,381.0,Modern Home-like 3BR2BA Retreat/Near T
42.39078,-70.99749,180.0,Luxury 2 Bedroom Condo Boston
42.36541813212881,-71.05177217682787,181.0,Spacious North End Studio
42.35411048721918,-71.0630936948884,455.0,Stylish Exposed Brick 3BR!
42.3305842482762,-71.10956327060156,57.0,"X34, Near Harvard Medical/Longwood Hospitals"
42.332125154430905,-71.10887201902342,59.0,"X32, Spacious Room Near HMS/Longwood Hospitals"
42.33074439410338,-71.10950966961504,60.0,X23 Near HMS/Longwood Hospitals
42.332646717787895,-71.11076586111461,59.0,"X33, Private Room Near HMS/Longwood Hospitals"
42.32791185726729,-71.09100272231069,206.0,Boston/City Views/Prime Location
42.38065,-71.03814,258.0,Modern East Boston 2 Bed 2 Bath
42.34939570407056,-71.09571994275538,178.0,"Free Parking at 1 Bed Basement Apt, Near BU & MIT"
42.341127512167205,-71.07742611984403,321.0,South End Victorian Brownstone
42.35108,-71.06546,237.0,Stylish 1 Bedroom Downtown
42.347865945491385,-71.14091133369378,165.0,Cozy 2BR 2BA Close to Boston Downtown
42.33347,-71.03959,102.0,"Bright, modern 1BR/1BA in South Boston"
42.37670268648397,-71.0351585203212,308.0,The Princeton Boston - Luxurious Apartment (New!)
42.33631271024674,-71.04591405138864,120.0,Thatch Quarters | Pvt. Room in Southie | 301 DOT
42.33421214680135,-71.10553634445374,154.0,Sunlit Efficiency Unit-Longwood/Fenway
42.33369,-71.1071,130.0,Adorable Apartment-Longwood/Fenway
42.31048,-71.08924,111.0,#1 Cozy 1-Bed Private Room Downtown
42.31198449326831,-71.08908670556116,121.0,#2 Cozy 1-Bed Private Room Downtown
42.30354975166852,-71.06459543162167,109.0,K_Room Near Downtown Boston
42.34512593370852,-71.0809787026459,296.0,"(G) Stylish Apt in Back Bay, A+ Location, w/d"
42.34828158675335,-71.14711118275164,208.0,The Pasteur-elegant 2BR near downtown
42.30967,-71.04689,323.0,Location & Parking: 2BR Ocean view Massage & Beach
42.34794,-71.14484,173.0,The Attia
42.30716760680554,-71.11328289274273,251.0,Stylish Stay at McBride St.
42.36478267691053,-71.05356506730251,334.0,Condo in Boston’s North End
42.3550474,-71.0622106,221.0,"Awaiting Your Next Stay, Book Now!"
42.355056736770834,-71.06221200170934,229.0,Best Location Studio In Downtown Boston
42.3483657,-71.0698862,207.0,Affordable & Simple Chic Studio
42.3484186,-71.0698384,110.0,Comfy Studio with Flexible Cancelation
42.3483308,-71.0698714,166.0,"Lower Level Studio, Stay Tonight!"
42.348419,-71.069916,151.0,Bay Village Suites: Book Now!
42.3484037,-71.0697483,107.0,Modern Single Studio at the Heart of Boston!
42.31126,-71.08744,68.0,Modern Home - w/ Comfort Amenities
42.28127928521936,-71.12624786306807,217.0,"Kailyn Apartment Boston, Massachusetts"
42.35861,-71.06574,182.0,(MGH9-4) Bright Beacon Hill Studio
42.2727392,-71.1635905,97.0,Small In-law apartment
42.33263,-71.11022,70.0,X14N Near HMS/Longwood Hospitals
42.31906,-71.06312,110.0,47S1.1 | The Sumner Redline | w/AC & W/D | Ensuite
42.31720160414786,-71.06296150660422,102.0,47S1.2 | The Sumner Redline | w/AC & W/D | Room #2
42.31901946004318,-71.06107373250477,73.0,47S1.3 | The Sumner Redline | w/AC & W/D | Room #3
42.31912,-71.06306,69.0,26A3.1 | The Annabel 3 | w/AC & W/D | Ensuite Rm#1
42.31756,-71.06269,72.0,26A3.2 | The Annabel 3 | w/AC & W/D | Ensuite Rm#2
42.36165957376605,-71.13326007995497,319.0,Spacious 4BR/2BA Home Near Harvard
42.3587162,-71.12962670000002,640.0,Charles Regatta Luxury Home
42.3436620175592,-71.08224215169605,135.0,Cozy Studio | South End
42.34681124201301,-71.10237851718634,206.0,Amazing 2 bed 2 bath boston
42.35289724925304,-71.08083884125622,457.0,"Newly Renovated 2-Bed, Back Bay near MGH, BU, MIT"
42.293378,-71.0587616,218.0,"Full Condo on Top Floor!  3 Queen bed, near MBTA"
42.31204415712194,-71.0871221818854,155.0,#3 Cozy 1-Bed Private Room Downtown
42.35199,-71.08114,458.0,"Newly Renovated 2-Bed, Back Bay near MGH, BU, MIT"
42.35980615637002,-71.0559518146288,417.0,Elegant 2BR 0.09mi Faneuil Hall/Quincy Market
42.33278,-71.1107,69.0,X11 Spacious Room Near HMS/Longwood Hospitals
42.33795,-71.07647,379.0,Boston 3 BR Patio Full Kitchen
42.36119978540695,-71.05766733166148,219.0,Renovated Studio Government Center/Quincy Market
42.35402,-71.16611,540.0,La Maison Perthshire II
42.32603188143365,-71.08202251382698,198.0,Charming two-bedroom in Boston
42.3083695,-71.11887829999999,303.0,Classic 2 bedroom near Arboretum
42.3512,-71.0617,206.0,Chinatown Central Upscale Condo w/Pool & Parking
42.344564310161935,-71.08898106962442,85.0,"New! "" Stay at Burbank"" Fenway/Berklee/Symphony"
42.31381207625156,-71.08829177571911,254.0,In-Unit Laundry | Your Family & Friends Space
42.27999,-71.07479,161.0,Luxury Condo-Style 1BR Apartment in Boston
42.2778276827731,-71.0732974503391,172.0,Stylish 1BR Condo Pad – Luxe Living in Boston
42.34288668243543,-71.0788750667545,275.0,Stylish Studio in Historic Row House
42.36638,-71.04007,284.0,Stylish 1BR w/ Washer & Dryer | East Boston
42.28659,-71.06742,199.0,Huge 2BR  Condo with W/D
42.35992,-71.05549,458.0,"Townhome, Faneuil Hall/Quincy Market/Gov't Center"
42.36732,-71.04101,354.0,East Boston 1BR w/ Full Gym & Mins to Airport
42.3348975,-71.0534291,270.0,New Listing! | Top Floor | 3 BR condo | Southie
42.2499037581975,-71.13359079469906,141.0,Cozy 2bd w/ Queen beds & laundry
42.3295719,-71.1040886,204.0,"Blueground | Longwood, parking, w/d, a/c"
42.3295719,-71.1040886,191.0,"Blueground | Longwood, elevator, w/d, a/c"
42.33629,-71.07671,247.0,1BR Apartment Patio Full-Kitchen
42.3295719,-71.1040886,238.0,Blueground | Longwood 2bd apartment
42.3490262,-71.0446092,276.0,Blueground | Seaport studio apartment
42.24944553486619,-71.13283727327818,145.0,Boston 2bd with in unit laundry
42.34515391665629,-71.10267654259368,229.0,Fenway studio
42.38213395509568,-71.0313219577074,179.0,"East Boston, 5 Min to Airport, Parking Available"
42.38395,-71.07739,144.0,Cheerful & large 2 bed apt.
42.36467,-71.05444,343.0,3brm/1bath North End Gem
42.30491365800796,-71.08013782650232,142.0,Private bedroom/shared bathroom
42.25008,-71.13073,76.0,Stylish Loft w/ Parking &Laundry
42.309476881443885,-71.05047632798599,125.0,Beautiful 2BR in Savin Hill Boston 1088
42.2581,-71.16128,114.0,Cozy 2-Bedroom Apartment Near Dedham Legacy
42.3357334,-71.04497839999999,120.0,Quarters on 205 DOT - Private Room | Shared Bath
42.32032552966211,-71.0815335697989,198.0,Two Beds Nubian/Dudley Square
42.25268,-71.11634,99.0,"Cozy, Spacious Private Room in Boston"
42.3464,-71.07435,206.0,*NEW* Ultra-Luxury 4bd Boston Designer Brownstone
42.25812,-71.16088,132.0,Cozy 3-Bedrooms Apartment Near Dedham Legacy
42.29549919999999,-71.0471404,202.0,Blueground | Dorchester 2bd apartment
42.29549919999999,-71.0471404,214.0,Blueground | Dorchester 2bd apartment
42.29549919999999,-71.0471404,204.0,Blueground | Dorchester studio apartment
42.35056,-71.06409,206.0,Cozy Studio Steps from Boston Common and Theaters
42.35848,-71.06554,54.0,Cozy 1 Bedroom in Beacon Hill
42.37888790303519,-71.04001694897096,116.0,MIRA-Luxury Rental in Eastie.
42.388704,-71.0084016,270.0,Walk to Constitution Beach: Mid-Century Boston Gem
42.38917492876212,-71.00424036383629,305.0,Eastie | Roomy 3BR w/ Easy City/Airport Access
42.35978,-71.06751,59.0,Comfortable 1Bedroom in Beacon Hill
42.3595,-71.06692,52.0,Nice 1Bedroom in Beacon Hill Area
42.36123817262358,-71.06718287861436,206.0,Attractive 1Bedroom in Beacon Hill Area
42.29261,-71.15475,78.0,145R1.1 | The Redlands 1 | 2BR 1B w/AC | Room #1
42.2912928671638,-71.15498161049463,78.0,145R1.2 | The Redlands 1 | 2BR 1B w/AC | Room #2
42.34793,-71.04241,500.0,Sea view Outstanding apartment in Seaport
42.361927431762,-71.06526306970092,60.0,Convenient 1Bedroom in Boston
42.3601102,-71.0660903,60.0,Comfortable 1Bedroom in Beacon Hill
42.35992,-71.06967,60.0,Best 1Bedroom in Beacon Hill Area
42.35984,-71.06941,68.0,Amazing 1Bedroom in Beacon Hill
42.36548,-71.06728,321.0,"Luxury Stay Near MGH | Pool & Gym, Stunning Views"
42.3567282,-71.1574074,234.0,Entire house.
42.336852807082686,-71.04519863257455,120.0,Thatch Quarters| Pvt. Bunk Rm in Southie | 204 DOT
42.36098,-71.06669,68.0,Sweet 1Bedroom in Beacon Hill area
42.34971,-71.06669,112.0,Chic 1 Bed Apartment! | Steps from Boston Common!
42.34983,-71.06503,260.0,Theater District Cozy 1 BR!
42.31445998912784,-71.06521410589013,206.0,Sweet 1 Bedroom Beacon Hill Area
42.357312676904215,-71.05259957349048,165.0,1BD/1BA | Boston Harbor
42.32802,-71.05622,80.0,One room Boston/2Bedroom 2 Bathroom/T stop-Andrew
42.31473355377423,-71.0749917522336,65.0,Comfort Inn In my 3rd bedroom
42.29549919999999,-71.0471404,206.0,"Blueground | Dorchester, gym, BBQ & JFK Library"
42.3733886,-71.0401856,282.0,"Blueground | East Boston, AC, nr parks & beach"
42.3772615,-71.0292983,238.0,"Blueground | East Boston, AC, nr parks & beach"
42.30914176792707,-71.06698298767807,87.0,Chic Urban Condo near Boston Center!
42.32613695246467,-71.10637029728157,45.0,"room near Harvard Med School/Logwood, NEU"
42.37876535893463,-71.02927114210334,299.0,"Luxury Penthouse with City & Airport View |
Eastie"
42.31723,-71.06137,255.0,47S1 | The Sumner Redline | 3BR 3B w/AC | Bi-Level
42.31568541650218,-71.06655545532703,206.0,Beautiful Room in Downtown Boston
42.35904,-71.06583,206.0,Sweet 1Bedroom in Beacon Hill
42.35835,-71.07009,190.0,Beacon Hill 4-Unit House: Historic&Modern Charm
42.31439318794162,-71.06504849102434,206.0,Comfortable 1Bedroom in Beacon Hill
42.314515526365646,-71.06540692214676,206.0,Cozy 1Bedroom in Beacon Hill Area
42.3594256,-71.069931,64.0,Comfortable 1Bedroom in Beacon Hill Area
42.35826134918305,-71.06887160461713,206.0,Comfortable 1Bedroom in Beacon Hill
42.2867345,-71.1472243,235.0,"Stylish, Open Concept Apartment 2BD/1BA, 2nd Floor"
42.38,-71.0143,708.0,Waterfront Escape - Close to Airport & Downtown
42.34141945105242,-71.10165757313948,188.0,(F22) Charming Boho-Inspired Studio in Fenway!
42.3601102,-71.0660903,64.0,Sweet 1Bedroom in Beacon Hill Area
42.3608817270683,-71.06522776714858,206.0,Best 1Bedroom in Downtown Boston
42.3733886,-71.0401856,283.0,Blueground | East Boston 2bd apartment
42.3589886,-71.12859929999999,65.0,Beautiful home in Allston (3)
42.3607286,-71.06588049999999,60.0,Wonderful 1 Bedroom in Beacon Hill
42.36102,-71.06692,60.0,Sweet 1Bedroom in Beacon Hill Area
42.36002399067666,-71.06507954585777,206.0,Comfortable 1Bedroom in downtown Boston
42.36106236034709,-71.06474768431183,75.0,Perfect 1Bedroom in Beacon Hill
42.3589214,-71.0541634,324.0,"Blueground | Downtown, gym & w/d, nr harbor"
42.3589214,-71.0541634,304.0,"Blueground | Downtown, gym & w/d, nr harbor"
42.3589214,-71.0541634,385.0,"Blueground | Downtown, gym & w/d, nr harbor"
42.34647,-71.07081,744.0,2 BR 2 bath duplex steps from Back Bay Station
42.3009269,-71.11251159999999,231.0,"Blueground | Jamaica Plain, AC, gym, nr pond"
42.35796271076193,-71.12795650992923,55.0,Small bedroom near Harvard
42.29310859599708,-71.15732584293644,206.0,Free street parking - Laundry - Close to Hospitals
42.3595002,-71.06847379999999,206.0,Nice 1 bedroom place in Boston.
42.3595002,-71.06847379999999,206.0,Affordable 1Bedroom in Beacon Hill
42.2823479,-71.0599718,347.0,"Spacious 5BR Gem – Quiet Area, Walkable to Train"
42.34797,-71.0385,485.0,Cozy 2Br2Ba apartment water view
42.32548763181762,-71.10591769243649,42.0,"near Harvard Med School/Longwood, NEU, Orange Line"
42.32517,-71.10615,51.0,"Near Longwood/Harvard Med School, NEU"
42.34291,-71.09904,276.0,Gorgeous Apt with Kitchen
42.3594256,-71.069931,59.0,Fabulous 1 Bedroom in Beacon Hill
42.3594256,-71.069931,65.0,Super 1 Bedroom in Beacon Hill Area
42.36008360858385,-71.0688305366434,60.0,Affordable 1Bedroom in Beacon Hill area
42.26149721241076,-71.16269047824449,78.0,Beautiful 1bd Boston Apartment - FREE Parking
42.35055,-71.0652,599.0,Bright 2BR/2BA Downtown Gem by Boston Common.
42.344031560047576,-71.0740655424884,137.0,Brand new fully furnished studio
42.32977,-71.09409,164.0,Quiet City Condo
42.3601102,-71.0660903,206.0,Convenient 1Bedroom in Beacon Hill
42.28136891739293,-71.05919124060398,356.0,"Renovated 4BR3BA Apt: City Perks, Suburban Vibe"
42.32288,-71.06792,210.0,Sunny 4 bedroom & 2 baths Appt
42.34271,-71.07916,206.0,Charming Studio in Classic Brownstone
42.25783830323105,-71.16170668449779,266.0,Cozy 5 Bedrooms - Spacious Apartment Near Legacy
42.356716537765074,-71.06022821369397,206.0,Luxurious Downtown 1 Bedroom!
42.35509329626953,-71.0602233850104,206.0,Stylish Downtown 2 Bedroom
42.26481096928224,-71.09742672090077,218.0,Spacious 4-bedroom Getaway Apt 5 mins from MBTA
42.35675,-71.0605,206.0,Elegant 2BR-Prime Location!
42.3316757,-71.04724639999999,136.0,"Charming, 2 Bedroom in Southie"
42.387612140412216,-71.00142140421418,119.0,"Cozy,Convenient Airport Area  Boston Condo"
42.31691,-71.10632,206.0,Colorful home in Jamaica Plain
42.38128650827375,-71.02897274539056,130.0,Cozy home near the airport
42.3589686893354,-71.06873892869748,79.0,Wonderful 1Bedroom in Beacon Hill
42.35919,-71.06715,72.0,Comfortable 1Bedroom in Beacon Hill
42.31466219472256,-71.06536927026052,206.0,Phenomenal 1 Bedroom in Beacon Hill Area
42.28169342248051,-71.13406768401022,147.0,Cozy 1BR suite in Boston's Roslindale Village
42.35576,-71.062,662.0,Chic Large 3BR/2BA | Downtown Xing | Best Location
42.34377,-71.05558,206.0,WB Quarters by Thatch | Room 303 | Shared BA
42.316208684301856,-71.06525935161815,206.0,Cozy 1Bedroom in Beacon Hill area
42.3628448,-71.13228099999999,143.0,"Modern 2 Beds. Walk to HBS. Near Harvard, MIT, BU"
42.32603,-71.10606,51.0,"near Harvard Med School/Longwood, Orange Line"
42.3589214,-71.0541634,424.0,"Blueground | Downtown, gym & w/d, nr harbor"
42.35371,-71.04829,545.0,Unimagined Hospitality In Downtown Boston
42.35371,-71.04829,592.0,Comfort & Creativity Downtown Boston | Rooftop Bar
42.35371,-71.04829,929.0,Majestic Stay With Harbor View | Rooftop Bar
42.348129,-71.080849,326.0,"Blueground | Back Bay, gym, nr Newbury St"
42.348129,-71.080849,275.0,"Blueground | Back Bay, gym, doorman, nr Esplanade"
42.348129,-71.080849,278.0,"Blueground | Back Bay, gym & w/d, nr Newbury St"
42.348129,-71.080849,353.0,"Blueground | Back Bay, w/d & gym, nr T & shops"
42.348129,-71.080849,327.0,"Blueground | Back Bay, w/d & gym, nr T & shops"
42.3491652,-71.0807758,480.0,"Blueground | Back Bay, w/d, nr Prudential Center"
42.348129,-71.080849,474.0,"Blueground | Back Bay, gym & w/d, nr Copley Sq"
42.3491652,-71.0807758,483.0,"Blueground | Back Bay, w/d, nr Prudential Center"
42.36699731577989,-71.05755722815779,407.0,Lux 1st floor 3brm/1bath North End
42.36576,-71.05748,407.0,Lux 2nd floor 3brm/1bath
42.3431,-71.07371,206.0,Cozy South End Corner
42.340221615518885,-71.08165763318539,220.0,"Southend 2BR charming, modern and sunny!"
42.36018,-71.06699,206.0,Sunny Beacon Hill Tree-Top Oasis
42.35553,-71.06235,206.0,Downton Boston Luxurious 2 Bed!
42.35672,-71.06033,330.0,Luxury 2 bedroom Apt!
42.29508939999999,-71.07380289999999,211.0,Brand New Modern Apt |Near T
42.32229,-71.10336,194.0,Spacious 1BR Home close to Train & Downtown
42.35337,-71.15598,206.0,Stylish Space on Quiet Street
42.27012,-71.1114,219.0,2BR Cozy Condo with Pet-Friendly Vibes &  WiFi
42.36005,-71.0714,481.0,"Stately on Cedar - Unit 1, near MGH - NEW"
42.3591,-71.06356,206.0,Modern Studio Across Boston State House
42.3772615,-71.0292983,283.0,"Blueground | East Boston, AC, balcony, nr park"
42.35602,-71.13687,273.0,Spacious 2 Bedroom on Hano St Modern & Cozy Stay
42.35602,-71.13687,273.0,Spacious 3 Bedroom on Hano St Modern & Cozy Stay
42.35824,-71.07058,60.0,Amazing 1Bedroom in Beacon Hill
42.3772615,-71.0292983,258.0,"Blueground | East Boston, AC, balcony, nr park"
42.300862,-71.1118753,230.0,"Blueground | Jamaica Plain, AC, gym, nr pond"
42.35140771416723,-71.07951544110774,323.0,"Stylish Back Bay Retreat, Steps from Prudential"
42.359432,-71.0704429,206.0,"Beacon Hill top Fl Apt w/ rooftop, MGH & Fast WiFi"
42.3594106,-71.0704413,239.0,"Beacon Hill Apt with Balcony, Fast WiFi, Near MGH!"
42.3594106,-71.0704413,352.0,Historic Beacon Hill Apt with Patio and Fast WiFi!
42.3594106,-71.0704413,239.0,"Beacon Hill Apt with Balcony, Fast WiFi, Near MGH!"
42.3617282211065,-71.07097755368703,168.0,"Beacon Hill, MGH! Outdoor space!"
42.37768,-71.03533,50.0,Comfy room in Luxury apartment
42.33093244365528,-71.05666547609475,566.0,5BR3B By Subway Downtown
42.36201517935371,-71.13140923682037,138.0,"Large Room w/ Private Bath, Near Harvard, MIT, HBS"
42.36176,-71.13203,253.0,Comfortable Large Private Room near Harvard
42.28731161963524,-71.06793240025394,205.0,3 BR with W/D and Peloton in Cute Neighborhood
42.3511858,-71.06401699999999,430.0,"Blueground | Chinatown, gym & w/d, nr restaurants"
42.3511858,-71.06401699999999,403.0,"Blueground | Theater Distr, gym, nr shops & T"
42.3733886,-71.0401856,218.0,"Blueground | East Boston, AC, w/d, nr parks"
42.2877088,-71.0921785,148.0,Georges families
42.36383651830466,-71.13302356089714,144.0,Cozy Twin Room Near Harvard - Perfect for Scholars
42.36396,-71.13172,113.0,Cozy Twin Room Near Harvard & MIT
42.35629,-71.07055,171.0,"Quiet Twin Room, City Center, Walk to MGH"
42.3336376,-71.081672,302.0,Great central location in Downtown Boston
42.35839602181556,-71.0701858839737,68.0,Cozy 1 Bedroom in Beacon Hill
42.360295447238194,-71.06941311268804,71.0,Wonderful 1Bedroom in Beacon Hill
42.3603,-71.07083,65.0,Wonderful 1Bedroom in Beacon Hill
42.35869,-71.06927,65.0,Amazing 1Bedroom in Beacon Hill
42.36031947524375,-71.06960241898733,65.0,Affordable 1Bedroom in Beacon Hill
42.35838,-71.06782,80.0,Enjoyable 1Bedroom in Beacon Hill
42.36061,-71.06799,148.0,Wonderful 3Bedroom Apartment in Beacon Hill
42.3529622,-71.07742859999999,781.0,"Back Bay ""Nantucket"" Pied-à-terre Off Newbury St"
42.36062941865542,-71.06802410987929,65.0,Wonderful 1 Bedroom in Beacon Hill
42.35866,-71.06738,75.0,Top Quality 1Bedroom in Beacon Hill
42.34701,-71.08213,365.0,Luxury Two Bedroom Apartment in Boston's Back Bay
42.35913699918146,-71.06759345188416,70.0,Affordable 1Bedroom in Beacon Hill
42.36001308380656,-71.0693474726452,59.0,Homey 1Bedroom in Beacon Hill Area
42.36034164434157,-71.06810327323089,60.0,Superior 1Bedroom in Beacon Hill
42.36036887161803,-71.06906904052897,206.0,Cozy 1Bedroom in Beacon Hill Area
42.37518068640529,-71.0300895106112,206.0,Luxury 1BR Next to the Airport 2336
42.34625363991579,-71.15768628630946,74.0,[Fabulous Room close to St Elizabeth & Green Line]
42.35968,-71.06898,62.0,Wonderful 1Bedroom in Beacon Hill
42.35939,-71.13044,102.0,Near Harvard Business
42.35589,-71.15815,87.0,nice and cozy room 1
42.35629,-71.15822,83.0,nice and cozy room 2
42.30927602668448,-71.06781649331577,288.0,Stylish 3BR Apt in Boston
42.34543,-71.07974,410.0,Copley House Superior King Studio
42.34564,-71.07987,399.0,Copley House Superior Queen Studio
42.35565,-71.15627,86.0,nice and cozy room 3
42.35757677639487,-71.15691548109525,83.0,nice and cozy room A
42.35598,-71.15656,83.0,nice and cozy room B
42.35639,-71.15837,85.0,nice and cozy room C
42.35551150524787,-71.15667099811876,83.0,nice and cozy room 4
42.38113336330095,-71.06790860913192,270.0,Charlestown apartment with private patio
42.3663011,-71.0551741,159.0,1 TDGarden Celtics/Bruins/Lil Italy/Historic
42.3663528,-71.0551423,159.0,1B TDGarden Celtics/Bruins/Lil Italy/Historic
42.36027,-71.07014,450.0,Amazing Beacon Hill penthouse
42.36745,-71.05562,159.0,2 TDGarden Celtics/Bruins/Lil Italy/Historic
42.36741022062671,-71.05479930631226,190.0,2B TDGarden Celtics/Bruins/Lil Italy/Historic
42.352937861698905,-71.06309006726089,206.0,2BR in Downtown 6695
42.355170965192045,-71.06253649840936,206.0,Cozy 2BR in downtown crossing Boston 1613
42.34323424644517,-71.06559982027689,206.0,2BR Loft unit in Boston Southend 1660
42.3552,-71.06033,206.0,2BR Apt in Downtown Crossing 7179
42.35277165631186,-71.06279281590119,206.0,2BR in Theatre District 7117
42.35314,-71.06286,206.0,2BR in Downtown 7548
42.33804548286451,-71.06756111386947,206.0,Spacious 2bd/2ba in Southend 1533
42.35312,-71.06311,206.0,2BR in Downtown Boston 1017
42.34267,-71.06416,206.0,Loft style 2BR unit in Boston Southend 7588
42.37678,-71.03169,206.0,Luxury 2BR Next to the Airport 0324
42.3442,-71.05559,206.0,Luxury 1BR Near Broadway Southie 9647
42.351435530607326,-71.064445869315,206.0,Huge Studio in Downtown Boston 3721
42.34416,-71.06376,206.0,Loft style 3BR unit in Boston Southend 4111
42.33816422629492,-71.06980717219807,206.0,Spacious 2bd/2ba in Southend Boston 4364
42.342037287797694,-71.05713422797432,206.0,Luxury 1BR Next to Broadway Southie 0185
42.37639,-71.03017,206.0,Luxury 2bd/2ba Next to the Airport 3180
42.34256107713531,-71.05709737484571,206.0,Luxury 1BR Next to Broadway 0033
42.34418261583651,-71.05590200657764,206.0,Luxury Studio Next to Broadway 4047
42.34429,-71.06545,206.0,Loft 2BR unit in Boston Southend 8223
42.35321,-71.06312,206.0,1BR in Theatre District Boston 0158
42.344890432665615,-71.06380706877295,206.0,Loft 3BR unit in Boston Southend 5509
42.35207,-71.0651,206.0,Studio near Boston Commons in downtown 3361
42.3363,-71.06776,206.0,Beautiful 2 bedrooms in Southend 6443
42.33696147128423,-71.06954386018366,206.0,Beautiful 2BR in Southend Boston 7136
42.353422545721386,-71.06369663962187,206.0,Studio in Theatre District 3165
42.35460541208076,-71.06043622742888,206.0,Cozy Studio in downtown crossing Boston 4331
42.35910380670795,-71.06906096246558,120.0,Fantastic 1bedroom apt + 1 bed @living room Boston
42.35860812543862,-71.06902656202529,64.0,Cozy 1Bedroom in Beacon Hill
42.23941593472954,-71.13331438061056,179.0,Serenity
42.3142862787359,-71.0651156052942,84.0,Amazing 1Bedroom in Beacon Hill
42.31614397503099,-71.0649943685242,206.0,Affordable 1Bedrom in Beacon Hill
42.37658,-71.03067,206.0,Luxury 2BR Next to the Airport 3431
42.3749,-71.0307,206.0,Luxury 2bd/2ba Next to the Airport 1871
42.31456577151148,-71.06487017104712,206.0,Wonderful 1Bedroom in Beacon Hill Area
42.34412,-71.05523,206.0,Luxury Studio Next to Broadway 3032
42.31471,-71.0666,206.0,Best 1Bedroom in Beacon Hill
42.31661,-71.06665,206.0,Top 1Bedroom in Beacon Hill downtown Boston
42.35638,-71.07155,175.0,Stay Next to Public Garden | Back Bay |MGH
42.34833,-71.06113,91.0,Near South station and Downtown
42.322381237306864,-71.07543465727298,55.0,Modern & Cozy Room–Utilities Inc
42.31489772865955,-71.06698932604193,87.0,Wonderful 1Bedroom in Beacon Hill
42.31457923144168,-71.06640485301382,64.0,Best 1Bedroom in Beacon Hill
42.347843669372736,-71.08060712469796,250.0,Modern One Bedroom Apartment in Boston's Back Bay
42.34663670904682,-71.1451367772092,222.0,The Barton-Luxe 2BR by Downtown
42.35259,-71.06266,206.0,2BR apt in Downtown Boston 9640
42.37474,-71.0305,206.0,Luxury 1BR Next to Logan Airport 2491
42.34909673586791,-71.06161750853062,91.0,Near  Downtown /South station
42.3789773,-71.03569910000002,246.0,Eagle Hill East Boston new construction home
42.32838755830677,-71.07008096429183,124.0,"Modern Retreat, Walk to Hospitals, Dining"
42.35037,-71.06414,164.0,"Steps from the Park, Walk to Theaters & Dining"
42.35340009999999,-71.12835489999999,434.0,Double the Fun: 4BR Allston Stay
42.31892272500666,-71.06095765097766,185.0,26A3 | The Annabel 3 | w/AC & W/D | Private Apt
42.37855,-71.03528,61.0,Spacious bedroom near Logan
42.31639702431952,-71.06566401700977,84.0,Wonderful 1Bedroom in Beacon Hill
42.317666827524704,-71.06106584282365,205.0,26A2 | The Annabel 2 | w/AC & W/D | Private Apt
42.3172565710833,-71.06232973883172,77.0,"26A2.1 | The Annabel 2, Bedroom 1 | w/AC & W/D"
42.31622367360855,-71.06638289239118,88.0,Top 1Bedroom in Beacon Hill
42.318807695291135,-71.06116822766943,72.0,"26A2.2 | The Annabel 2, Bedroom 2 | w/AC & W/D"
42.31706323181407,-71.0615866136093,68.0,"26A2.3 | The Annabel 2, Bedroom 3 | w/AC & W/D"
42.3149831351623,-71.06490316227483,88.0,Best 1Bedroom in Beacon Hill
42.32528651916749,-71.090179878617,293.0,Boston/Heart of the City
42.3486,-71.14702,306.0,The Galen-Luxe 2BR by Downtown Boston
42.347,-71.08089,260.0,One Bedroom Apartment in Back Bay Building
42.35179587339228,-71.06497598418484,206.0,1BR in Downtown 9340
42.35993347107375,-71.06556733564865,286.0,Cozy Studio in Prime Beacon Hill. Walk to MGH/MIT
42.35254,-71.07599,300.0,(J6) Best Back Bay Location! Perfect Studio!
42.33779958314626,-71.0780944822195,225.0,"(W8) Front Facing, W/D, Dining, Shopping, Walking!"
42.33776070534613,-71.07720197086991,198.0,"(W11) Vibrant Area, Pizza, Shopping, Parks W/D"
42.32829,-71.11206,292.0,Luxury corner Boston 2Br 2Ba Apt Boston hospitals
42.28803856486838,-71.03931808247468,621.0,"(DR81) New Home, Close 2 City, Spacious 6 Beds W/D"
42.3292148,-71.0949007,323.0,"Classic Boston, Penthouse duplex"
42.35013,-71.17156,40.0,Accessible Private Room #1097 C
42.33378,-71.04937,206.0,Accessible Private Room #349 A
42.34865768366295,-71.14037567444643,107.0,Renovated Single Room with Bath
42.34165,-71.14336,206.0,Classic Private Room #605 D
42.36344,-71.05566,52.0,Comfortable Private Room #277 A
42.350966788063374,-71.14716095043873,206.0,Convenient Private Room #1301 A
42.35428088134284,-71.13108850863271,45.0,Classic Private Room #1285 A
42.36121502110094,-71.12596561223711,45.0,Convenient Private Room #1814 F
42.35810081002628,-71.12947321415416,206.0,Convenient Private Room #726 B
42.35223025026863,-71.15928182424045,206.0,Functional Private Room #1487 C
42.35740604514279,-71.13138654904476,48.0,Functional Private Room #726 D
42.33817,-71.02719,48.0,Modest Private Room #1816 B
42.33035,-71.1039,41.0,Accessible Private Room #255 A
42.347641437667576,-71.06265240906926,47.0,Classic Private Room #1103 B
42.35396,-71.14665,206.0,Convenient Private Room #1517 C
42.35845601775443,-71.12956718504887,38.0,Functional Private Room #1284 A
42.35915622660912,-71.1276759221455,38.0,Functional Private Room #539 B
42.36479424622701,-71.05765510278164,48.0,Modest Private Room #277 C
42.32708099517093,-71.07855521563698,42.0,Practical Private Room #768 A
42.33047,-71.08704,206.0,Practical Private Room #773 A
42.35646055572399,-71.13237738119304,206.0,Classic Private Room #1234 A
42.31992009056773,-71.05504996973892,206.0,Simple Private Room #1349 D
42.30101419399728,-71.08331082198372,48.0,Comfortable Private Room #1581 B
42.34916197668328,-71.14888875165744,206.0,Simple Private Room #587 A
42.35879809845863,-71.13207850435926,48.0,Classic Private Room #444 C
42.36426,-71.05544,48.0,Convenient Private Room #471 C
42.32026682040526,-71.05497705743049,43.0,Functional Private Room #1357 B
42.35405652173773,-71.13237577085549,206.0,Practical Private Room #1285 C
42.360073702130656,-71.13206814332648,52.0,Practical Private Room #502 D
42.35059541649735,-71.1490485056285,206.0,Simple Private Room #1301 E
42.34224,-71.1441,206.0,Convenient Private Room #441 6C
42.34642777563871,-71.15316064267883,206.0,Practical Private Room #206 F
42.36494,-71.05771,53.0,Practical Private Room #275 B
42.36553,-71.05579,53.0,Simple Private Room #278 B
42.37471,-71.03156,206.0,Luxury 1BR Next to Airport 9775
42.342773840046746,-71.05508344295158,206.0,Luxury Studio Next to Broadway 5839
42.344003475063424,-71.09480583594782,60.0,Accessible Private Room #236 A
42.3062311,-71.0602314,221.0,30/1 - 4BR Boston | Cozy Apt near Geneva Cliffs
42.3062311,-71.0602314,209.0,30/3 - 3BR Boston |Cozy Apt near Franklin Park Zoo
42.34175208855329,-71.14429898618674,206.0,Accessible Private Room #605 C
42.33057169794595,-71.0882179516406,48.0,Convenient Private Room #829 C
42.31518752477956,-71.09826425226744,41.0,Convenient Private Room #926 A
42.3355,-71.04788,206.0,Functional Private Room #349 E
42.36461,-71.05408,60.0,Functional Private Room #470 B
42.35433,-71.13248,206.0,Functional Private Room #534 A
42.35749855029439,-71.13395335152943,39.0,Accessible Private Room #1813 A
42.28235,-71.05997,297.0,Cozy Renovated 4-Bedroom Townhouse Walk to Train
42.31760644249484,-71.10613024706043,150.0,Extended stay. Quiet. Spacious
42.34839373249265,-71.14514389527372,200.0,The Lister-Luxurious Studio Near Heart of Boston
42.3472889149444,-71.14511577434386,162.0,The Salk-Beautiful Boston Studio
42.34666016091552,-71.14668614117416,158.0,The Watson-Luxe Boston Studio
42.290767287406354,-71.1552561372191,69.0,25A1.1 | The Alameda 1 | 2BR 1B w/AC & WD | Room 1
42.29263,-71.1535,66.0,25A1.2 | The Alameda 1 | 2BR 1B w/AC & WD | Room 2
42.29263,-71.15329,69.0,25A2.1 | The Alameda 2 | 2BR 1B w/AC & WD | Room 1
42.29226131244877,-71.15318579213496,69.0,25A2.2 | The Alameda 2 | 2BR 1B w/AC & WD | Room 2
42.29099124636533,-71.15385244005101,46.0,25A2.3 | The Alameda 2 | 3BR 1B w/AC & WD | Room 3
42.34006556316642,-71.15040003337937,66.0,109S3.1 | The Strathmore 3 | 2BR 2B w/AC | Room #1
42.33888,-71.15023,206.0,109S3.2 | The Strathmore 3 | 2BR 2B w/AC | Room #2
42.33827,-71.15232,74.0,109S2.1 | The Strathmore 2 | 3BR 2B w/AC | Room #1
42.34011818848683,-71.15058080975946,62.0,109S2.2 | The Strathmore 2 | 3BR 2B w/AC | Room #2
42.34046345192901,-71.15041063901216,63.0,109S2.3 | The Strathmore 2 | 3BR 2B w/AC | Room #3
42.36062,-71.06493,60.0,Charming 1Bedroom in Beacon Hill
42.36097313475994,-71.06671301497447,206.0,Wonderful 1Bedroom in Beacon Hill
42.32795,-71.07853,57.0,Spacious Private Room in Lower Roxbury
42.36103,-71.06552,60.0,Wonderful 1Bedroom in Beacon Hill
42.29077171683692,-71.06155967010712,238.0,Boston modern appartment
42.3597279180257,-71.05715356649193,354.0,Spacious 1B in Faneuil Hall/Quincy Market
42.36123379709145,-71.06488558271883,60.0,Convenient 1Beroom in Beacon Hill
42.361865859944594,-71.06529999710295,60.0,Nice 1Bedroom in Beacon Hill
42.36151,-71.06694,60.0,Affordable 1Bedroom in Beacon Hill
42.32672185818998,-71.07661335121817,206.0,Cozy Private Room in Lower Roxbury
42.3459108551553,-71.14718668162823,184.0,Ideal Brighton Location with Parking
42.38615,-71.00678,206.0,3BD/2BA Near Logan Airport and T 9914
42.365149917973255,-71.11851532347161,62.0,Fully-Furnished Room by Harvard
42.343793155223246,-71.15183331016786,206.0,Practical Private Room #1341 H
42.32150723148439,-71.06183280853438,80.0,230B4.1 | The Penthouse Redline | AC & WD | Room 1
42.32329552089193,-71.06176734411642,72.0,230B4.2 | The Penthouse w/WD & A
42.27626619999999,-71.13413349999999,169.0,Cozy nest getaway near Boston!
42.299526,-71.112895,202.0,Apartment in Boston's Jamaica Plain
42.31539,-71.06217,63.0,Large Private Room Boston near T & JFK/UMass
42.3490262,-71.0446092,206.0,"Blueground | Seaport, w/d, nr museums"
42.32553381501254,-71.07972655889883,228.0,Free Parking | Stocked Kitchen | 10 min -> Boston
42.35925064268014,-71.06740485853419,136.0,Boston 2Bedroom Apartment
42.31764062956877,-71.06102566196269,78.0,47S1.B | The Sumner Redline | w/AC & WD | Suite
42.33849796063633,-71.14763275199938,206.0,39S1.g | 1BR 2B w/AC & W/D  75ft to 'C' Greenline!
42.33793906225325,-71.14806778900808,206.0,39S1.b | 1BR 2B w/AC & W/D 75ft to 'C' Greenline
42.34112,-71.08019,225.0,South End Brownstone Sunny Condo
42.33738033114082,-71.08534630705016,317.0,"2B 2BA w/ In-unit Laundry, Central Air"
42.34767352836695,-71.07229235714394,317.0,Spacious Back Bay 1BR w/ King & Office
42.34972,-71.07329,317.0,"Expansive Back Bay Loft, 1B/1B"
42.300862,-71.1118753,222.0,"Blueground | Jamaica Plain, AC, gym, nr pond"
42.37299242973582,-71.06313990056393,208.0,Boston Commons 1BR w/ view
42.3451746,-71.0870626,253.0,"Blueground | Symphony, gym & w/d, nr hall"
42.328344066137696,-71.1104986404558,699.0,Huge 3 Br Boston hospitals with waterview Balcony
42.29942,-71.06949,677.0,Large Duplex Free Prkg mins 2 Train downtownFenway
42.27326,-71.10755,112.0,Tiny Home Haven
42.32851,-71.11249,599.0,Luxury corner 2BR 2BA Boston Jamica pond Hospitals
42.31193,-71.08899,68.0,Modern Home - Bright & Spacious
42.31312,-71.08901,84.0,Bright & Private Home w/King Bed
42.36089801887835,-71.14381052423239,381.0,Luxury 3BR | Free Parking | Harvard/BU | ROKU TV
42.309583731224265,-71.05035038963072,172.0,2BR in Savin Hill Boston 4596
42.38181,-71.03408,206.0,Luxury 3 Bed 3 Bath Condo Eagle Hill East Boston
42.357,-71.07268,117.0,"Beacon Hill Room. Walk to MGH, Tufts Medical, MIT"
42.358609074581615,-71.06803864756066,131.0,Best Quality 2 Bedroom Apt in Beacon Hill
42.31830911103138,-71.05866072455244,466.0,Newly Renovated Retreat l Near T
42.285021532400485,-71.1288745701313,206.0,Rusty's Attic Lair
42.33068920874131,-71.05773409538737,206.0,5BR3B | Walk to Subway + Downtown
42.32140612266896,-71.10942587256432,94.0,Near Train in hip Jamaica Plain
42.3478412234783,-71.07943351162471,449.0,Modern  Condo in Down town Back bay 2BR 2BA
42.34355021494498,-71.15038059041851,206.0,"Large bright  duplex,4 bedrooms, free parking!"
42.2749,-71.14878,199.0,"Charming Stay - Perfect for Groups, FREE Parking"
42.290968870888,-71.14430066524149,258.0,Charming Boston Single Fam Home Near Commuter Rail
42.36614900969308,-71.05581377310003,941.0,North End TD Garden Walk to Downtown
42.35147,-71.06469,206.0,Cozy studio in downtown Boston 4873
42.35178435995328,-71.06282330454127,206.0,2BR in Theatre District 8027
42.31056115353316,-71.05227701869605,150.0,2BR in Savin Hill 8114
42.3071755,-71.10468929999999,418.0,"Glamorous Luxury Apartment, Near T"
42.34172,-71.07889,206.0,NEW - South End Penthouse - Walk to Everything -
42.3449322,-71.0641516,769.0,Splendid One-Bedroom Sanctuary in Boston Central
42.3464,-71.10127,206.0,Radiant 2 BR 2 BA Fenway Boston.
42.3441748,-71.0810797,186.0,"Boston Marathon 5 mins 
Copley Sq./Prudential Ctr"
42.35340009999999,-71.12835489999999,276.0,Spacious 2BR Allston Getaway
42.35772,-71.07109,628.0,Stately on Cedar Elegant Beacon Hill Penthouse NEW
42.31857643617818,-71.10666144003628,289.0,Luxury 3brm/1bath Duplex in JP
42.34618,-71.08082,123.0,1Bd with private bathroom! No cleaning fee!
42.34773,-71.07364,206.0,"Expansive Back Bay 2-Level Loft, Sleeps 6, 3B/2B"
42.35257,-71.076,291.0,(J8) Walk to Newbury & Public Garden - BACK BAY
42.3806525,-71.0381381,285.0,Luxury 2 Bed 2 Bath East Boston
42.31464,-71.07147,599.0,Luxury 2 Br 2Ba apt in Boston Dorchester
42.3477,-71.14758,154.0,"The Fleming-Gym, W/D, studio near City"
42.3162,-71.06598,167.0,"Hip & Sleek 1Bedroom Steps from MGH, MBTA"
42.35340009999999,-71.12835489999999,216.0,Sunny 2BR +Futon Allston Escape
42.28844,-71.05417,403.0,"Adams Village 6-Bed Apt: City Perks, Suburban Vibe"
42.34554961467751,-71.14783082124545,201.0,The Harvey: Large • Near T • Gym • Kitchen • W/D
42.34709955794784,-71.14559933472655,184.0,The Hunter-Elegant Suite Near City
42.34751,-71.14764,250.0,The Reed: Spacious • Private Kitchen • Gym • W/D
42.34713253944974,-71.14795988817194,248.0,The Seacole: Glamorous • Near City • Gym • W/D
42.34778572525814,-71.14570009221465,218.0,The Kelsey: View • Private Kitchen • Gym • W/D
42.34631094271476,-71.14760081353634,167.0,The Barnard: Coastal Vibe • WFH Desk • Gym • W/D
42.33596146110688,-71.06916910203086,206.0,Beautiful 2BR in Southend Boston 9918
42.33809851541237,-71.06910346625794,206.0,Spacious 2bd/2ba in Southend 5328
42.33818,-71.06817,206.0,Beautiful 2BD/2BA in Southend Boston 2857
42.27979983170178,-71.16039790213108,60.0,Boston-Sunny bedroom train&buses
42.3429115,-71.0990346,277.0,Luxury Private Apt Fenway
42.3814113,-71.0229951,95.0,Shelly's Turkish Room
42.34140623631877,-71.0785634655803,243.0,Historic Brownstone Studio
42.32024719451044,-71.10367320477962,289.0,"Near Downtown, Hospital & Wh Foods | Free Parking"
42.30316,-71.07541,206.0,"Large, historic 4 bedroom home"
42.31385583555824,-71.05586602456293,455.0,Modern home-like 3BR2BA Retreat/Minutes to T
42.38619028168348,-71.00521667734915,206.0,Luxury 2BD/2BA Near Airport 1296
42.3030644,-71.0561584,303.0,"40.2 New, beautiful apt/4br/free parking/Boston"
42.35141,-71.06476,206.0,2BR in Downtown Boston 6539
42.35086,-71.06506,206.0,1BR Apt steps away from Boston Commons 3553
42.3685526,-71.05531069999999,311.0,"Old North, Lil Italy,TDGarden, Celtics,Water View!"
42.35206663283429,-71.06526229138109,206.0,1BR with a view in Boston 1078
42.34198934072778,-71.07015579999998,398.0,Charming South End apartment
42.35132060689401,-71.06333868429304,206.0,2BR in Downtown Boston 6388
42.30878422585912,-71.07076696146733,86.0,Cozy Boston: Private Bed & Bath in Dorchester
42.30921,-71.07106,98.0,Cozy Boston: Private Bed in Dorchester
42.316246000675456,-71.11247284876006,311.0,Airy 2BR: A Blend of East & West
42.34634123903701,-71.0640516825805,371.0,Luxury 2BR 2BA Southend Boston Downtown prudential
42.3490612,-71.04471360000002,278.0,"Blueground | Seaport, gym, nr shops & dining"
42.3155339,-71.0561512,1087.0,"Clean, Contemporary Duplex | Sleeps 17"
42.31455,-71.07509,58.0,Comfort Inn in my 2nd bedroom.
42.29599956137799,-71.06497208938612,95.0,Peaceful Cabinet of Curiosities/no added fees!
42.3490612,-71.04471360000002,279.0,"Blueground | Seaport, gym & w/d, nr restaurants"
42.35299480357384,-71.06312250979242,206.0,1BR in Downtown 6894
42.3381128,-71.04846520000001,284.0,"Blueground | S. Boston, w/d, balcony, nr ICA"
42.36645,-71.05573,740.0,4BR2Bath North End by Subway Downtown
42.31128703018637,-71.10037724011693,205.0,Sunny JP parkside condo w/ kids bunkbed AND CATS
42.35127,-71.0643,206.0,1BR apt in Downtown Boston 7397
42.35141,-71.06459,206.0,Beautiful 2BR in Boston Theatre District 1543
42.35351755764257,-71.0630039207874,206.0,1BR in Theatre District Boston 7485
42.34149,-71.1521,206.0,Comfortable Private Room #1303 E
42.292380770287565,-71.06725984482009,255.0,82 - 3BR Boston Stylish Apt near Dorchester Center
42.34016,-71.15423,44.0,Modest Private Room #1303 A
42.2542421,-71.121259,280.0,"Conveniently located Apartment in Hyde Park, MA"
42.36593932939428,-71.03729216137695,297.0,Modern Coastal City Stay | Waterfront & Airport
42.35116322983185,-71.0649843559197,206.0,Studio in Theatre District 4951
42.31141385191415,-71.0507243195717,145.0,Beautiful 2BR in Savin Hill Boston 3495
42.2993632840437,-71.06880777164702,557.0,Spacious duplex near T Downtown
42.2941351,-71.11708569999999,206.0,Modern Boston Condo | near T
42.3444878,-71.0823684,423.0,"Blueground | Prudential, pool & w/d, nr plaza"
42.3155339,-71.0561512,724.0,Boston Escape | Near T
42.34272986079469,-71.07924289484582,231.0,Charming Studio in Historic Brownstone
42.348286,-71.069664,167.0,Great Value For Your Boston Stay
42.348419,-71.069839,144.0,"Primo Location, Walk To T & Marathon Finish Line!"
42.3483657,-71.0698862,189.0,Private Studio In Boston's Bay Village!
42.3483657,-71.0698862,105.0,Chic Studio For An Affordable Stay
42.3485831,-71.0696013,216.0,Studio Awaits Your Next Stay!
42.35087,-71.06393,206.0,Studio in Downtown Boston Theatre District 2319
42.35286327501445,-71.06324883952169,206.0,Studio in Downtown 8222
42.34427829612404,-71.06435086464,206.0,South End 2BD Luxury Apartment
42.312338594065245,-71.0725532481756,206.0,"Clean 2bdrm Unit, free private parking"
42.33211,-71.10202,206.0,Spacious Room At Brigham & Longwood Medical
42.35090392151498,-71.06407230440463,206.0,Cozy Studio in Downtown Boston 0773
42.34878376007848,-71.14446430744901,163.0,The Finsen: Full Kitchen • City Access • W/D • Gym
42.34803785647404,-71.14421628647403,195.0,The Cori-Elegant suite in Boston
42.34165,-71.09811,206.0,Fenway Park – Studio – Walk everywhere – Location!
42.34736,-71.14403,197.0,The Fisher: City Access • Kitchen • Gym • W/D
42.346,-71.146,197.0,The Blackwell: Workspace • W/D • Gym • Near City
42.34714,-71.0808,599.0,Modern  Condo in Down town Back bay 2BR 2BA
42.33089,-71.04161,175.0,"Large Modern 1BR: Office, BCEC"
42.3010786,-71.08379049999999,216.0,Brand New 2BR Apt 20Min Downtown Boston
42.31448490899815,-71.05817219161273,574.0,Family Retreat - Stunning 5BR2BA w Parking/ Near T
42.372299217916186,-71.04379117046129,7500.0,Monthly Skyline Apartment
42.2760043,-71.0956136,94.0,JB safe home 1 or more rms available w/2 full bath
42.34324,-71.07814,432.0,"Boston 2BR Apt South End-Copley,Cmmons,MGH,Fenway"
42.34976809341959,-71.0455988344549,449.0,Elegant 3BR/2BA Condo | Seaport Boston
42.3727446,-71.0612862,280.0,2 br in Historic Charlestown
42.35082,-71.13449,206.0,Private Room / Boston Center
42.35255,-71.06326,206.0,2BR apt in Downtown Boston 0641
42.35083,-71.06392,206.0,Spacious 2BR in the heart of Boston 8213
42.35683,-71.07134,120.0,Queen Room Next to Public Garden
42.30823936432445,-71.05957546931154,337.0,Cozy 4 Bedroom Apartment in Boston
42.3265349,-71.0906552,200.0,Spectacular Boston City View
42.29348105994391,-71.1624144346733,315.0,Bright & Spacious Boston
42.32579,-71.0899,150.0,Amazing Downtown Boston CityView
42.3660186,-71.0371205,255.0,Boston Skyline Stay | 1BR + City Views
42.31924,-71.05547,119.0,G5_Suite Near Downtown  Boston
42.31752,-71.05573,119.0,G6_Suite Near Downtown  Boston
42.35254,-71.08428,170.0,Beautiful Back Bay 1BR Apartment
42.37247613414599,-71.03613608140415,224.0,3 BDRM Apt Next to Airport/5 min to Downtown
42.33570390428965,-71.15184622526952,188.0,3 King Beds 1 Bath Apt w/ Pool
42.33630114618855,-71.14898817998146,50.0,Bright room in Brighton
42.33776249970328,-71.04576799813171,124.0,Studio in the Heart of Southie with Garage Parking
42.3589739905895,-71.06983957292607,208.0,"Beacon Hill Studio, Easy Access Train Lines, MGH"
42.37825,-71.04027,80.0,"1 Room+bath in East Boston, right near waterfront"
42.31928,-71.05438,119.0,G7_Suite Near Downtown  Boston
42.34962,-71.08499,794.0,3BR / 2BA + Prvt Deck in Back Bay
42.34769611496782,-71.0830740434685,523.0,Sparkling New 2BR / 2BA in Back Bay
42.3507,-71.08909,290.0,Brand New One Bedroom in Back Bay
42.36706,-71.05303,567.0,Fabulous North End 3 BR | 1.5 BA in Little Italy
42.36585,-71.0545,551.0,North End Efficient 3 BR | 1 BA in Little Italy
42.35214538464599,-71.06431920913738,725.0,Downtown high end 2BR 2BA Condo Stunning City View
42.39184401563319,-71.00589670943076,168.0,"Large, Cozy House • Walk to T, Free Parking, Yard"
42.34452092497611,-71.08345018004142,235.0,"The Ellie House 1- Back Bay Studio, 2 beds! W/D"
42.34395998701708,-71.0819640459429,247.0,"The Ellie House 4- 1st Floor, Efficient, Back Bay!"
42.34443855415329,-71.08356666223925,241.0,The Ellie House 6- Cozy Back Bay Escape
42.34437782816584,-71.08183972555128,200.0,The Ellie House 7- Budget Friendly Back Bay Apt.
42.342508685228985,-71.08211158413741,301.0,"The Ellie House 10- Crowd Favorite, Back Bay!"
42.343153406752215,-71.08382851064717,305.0,The Ellie House 9- Cozy Studio Near Prudential!
42.35109,-71.08897,403.0,"(4R1) Fan Favorite! Charles River, W/D, 3Beds"
42.35067,-71.08876,278.0,"(S2R) Back Bay, Near Fenway, Cozy Studio, Reno!"
42.35025959339408,-71.08343688289048,273.0,(H2) Heart of Back Bay! City Living! A+ Location
42.35045,-71.08201,278.0,(H3) Amazing Location / Back Bay / Newbury St!
42.2946641,-71.0760832,190.0,558/3 - 3BR Boston |Modern Nest near Franklin Park
42.33648587392487,-71.14880061446264,154.0,Bright City-View Stay by Public Transport
42.29784549210692,-71.06823516654023,1340.0,Perfect 4 groups10BR near Train Downtown Free Prkg
42.31986093231637,-71.0803694052777,1288.0,Lux 1bd
42.37394,-71.03088,195.0,NomadiQ Boutique Stay - Airport
42.27994,-71.16109,192.0,W.R. 2 adjoining  rooms w/ 3 beds sleeps 5
42.340722014955645,-71.15584608440376,283.0,"Sunlit Cozy Studio Near BC, BU, & MBTA"
42.35092,-71.08682,720.0,"Stunning Penthouse, Private Deck & River Views"
42.3522822,-71.0660123,874.0,Unmatched Luxury Condo | Iconic Boston Common View
42.31134658407479,-71.04724038003373,157.0,1 BR Top Floor w/ In-unit Laundry in Savin Hill
42.35210550571899,-71.0808457846339,289.0,2 Bedroom Unit in the Heart of Back Bay
42.35258336284746,-71.08279701940799,134.0,Stylish Studio in Boston Back Bay
42.35187,-71.08164,179.0,Oversized Furnished Brownstone Studio in Back Bay
42.28154591989004,-71.05860177329428,338.0,Home-like 4BR-3BA Apt | Near Ashmont Station (New)
42.3357334,-71.04497839999999,96.0,Thatch Quarters | Pvt. Room in Southie | 102 DOT
42.2941174,-71.11704639999999,1544.0,Sleek Boston Home | Near T
42.2941174,-71.11704639999999,987.0,New Luxury Renovation | Near T
42.28649,-71.06984,96.0,"Ashmont Station, 2 bedroom Unit"
42.3368622,-71.0466005,373.0,Single House 2BR - Backyard+Walk to BCEC & Seaport
42.31197,-71.10312,315.0,3BR/ 2 BATHS JPWalk to T / off st parking
42.34883,-71.17253,68.0,Private Room in Boston #6 (newly listed)
42.348247,-71.0805179,456.0,"Blueground | Prudential, gym & w/d, nr library"
42.348645,-71.0793489,321.0,"Blueground | Prudential, gym & w/d, nr library"
42.346069,-71.145748,206.0,"Blueground | St. Elizabeth's, AC, w/d, nr med ctr"
42.33644,-71.08368,360.0,"Northeastern,Boston Medical,in unit laundry,C/A"
42.3325,-71.03964,206.0,Private Modern 1BR Southie
42.29549919999999,-71.0471404,247.0,"Blueground | Dorchester, gym, nr Franklin Park"
42.38236,-71.01793,207.0,Apt next to Airport/Downtown
42.35146,-71.06481,316.0,54.4 Downtown. Theater district.
42.34903,-71.08883,250.0,(3-11) Easy first floor studio Back Bay
42.34939191478999,-71.08857583454281,296.0,(3-21) A+ Location Back Bay / Fenway Park / 2 Beds
42.34744,-71.09072,346.0,(3-31) Gorgeous newly renovated Back Bay Getaway!
42.3461643,-71.0629436,655.0,"Boston Family Suite: Pool, Gym & Paid Parking"
42.34971,-71.08902,208.0,"(3-52) Newly furnish, Back Bay!"
42.36068,-71.06966,201.0,"(41A) Direct Access, Private Studio in Beacon Hill"
42.353290850478615,-71.08014207559114,401.0,(M5) Spacious 2 bedroom Heart of Back Bay
42.351965283506416,-71.07880914455541,426.0,"(M6) Freshly styled, Large 3 bedroom!"
42.35003,-71.08723,347.0,"(S2F) Gorgeous 1Bedroom, Back Bay!"
42.3437930653526,-71.08159402892012,201.0,(SB) Cozy & Charming little Studio. BackBay
42.33152200604616,-71.05106528829211,282.0,"(Southie1) 2Bedroom, W/D, Happening Location!"
42.3329567997472,-71.05082605866505,275.0,"(Southie2) Modern 2BR –Walk to Shops & Dining, W/D"
42.33172768882871,-71.05128974073936,271.0,(Southie3) South Boston Gem w/ AC + LaundryW/D
42.34807,-71.09071,232.0,"(3-42) Charming 1Bed, Back Bay, Newbury, Fenway!"
42.29877603790027,-71.07114210242877,91.0,Cozy Classic with Queen Size Bed
42.35310726752421,-71.06294354831513,309.0,63.4 Downtown. Theater District.
42.29895,-71.07178,91.0,The Serene Hideaway
42.29729,-71.07066,91.0,Sunlit Retreat
42.36137831077724,-71.05858316678943,520.0,Lux 2b2b downtown
42.2594781,-71.1155179,179.0,NEW! Upscale 3Bed~Parking~W&D~ A.C~Near MBTA
42.35301381848872,-71.13996993397656,384.0,Luxury23.4 - Boston Landing - Allston Yards
42.34273,-71.0963,297.0,Red Sox 34.4 - Fenway Park. Longwood Med. NEU
42.34362811561907,-71.10208222073065,297.0,Red Sox 09.4 - Fenway Park. Longwood Medical. NEU.
42.3528454768128,-71.06317174650717,206.0,Huge Studio in Downtown Boston 6661
42.3449322,-71.0641516,249.0,"Blueground | Shawmut, pool, nr Boston Common"
42.3535161,-71.0474239,264.0,Entire Apt Downtown Seaport with Gym
42.3535161,-71.0474239,206.0,Luxury Apt in the Heart of Seaport
42.3535161,-71.0474239,206.0,Private Apt In Downtown Seaport with Pool
42.3535161,-71.0474239,206.0,Modern Apt Downtown Seaport with Gym
42.3439382,-71.0638329,275.0,"Blueground | Shawmut, pool, nr Boston Common"
42.34449130000001,-71.086708,305.0,"Blueground | Fenway, gym, nr Fenway Park"
42.27562937689408,-71.07300583420749,200.0,60/3 - 3BR Boston | Sleek Apt near Franklin Park
42.29796,-71.11442,397.0,Boston Buccaneer Retreat
42.34778,-71.07169,336.0,"Stylish Back Bay Loft Near Copley, Sleeps 4"
42.36610392834197,-71.03535993112888,231.0,Eastie Retreat | Cozy Mid-Century Modern Escape
42.36867,-71.06891,271.0,North End Central Condo TD-Garden & Haymarket T
42.35209915609022,-71.0652082740621,191.0,Downtown Boston Famous Nightlife Theater District
42.3527606,-71.04651439999999,273.0,Luxury Apt Downtown Seaport
42.35276,-71.04651,387.0,Luxury Apt with Gym In Seaport
42.3527874,-71.0464795,255.0,Apt Downtown Seaport with Access to Terrace
42.35276,-71.04651,375.0,Private Apt Seaport Walk to Restaurants
42.35276,-71.04651,287.0,Bright Apt Downtown with Gym
42.3527606,-71.04651439999999,375.0,Private 2BR Apt Walk to Restaurants
42.35979432405408,-71.05589724619603,363.0,Roomy 1-bedroom - Faneuil Hall and Quincy Market
42.303930302186494,-71.06311096580139,208.0,Urban Oasis | Chic & Central
42.27119,-71.12849,71.0,Entire Private 1 Bedroom Suite
42.32556,-71.05973,48.0,"Room- Andrew S, Hospitals, Beach"
42.36018,-71.05594,260.0,"Tri-level, Skylighted, Faneuil Hall/Quincy Market"
42.3459685,-71.0847361,332.0,Luxury Apartment Back Bay
42.3459685,-71.0847361,291.0,Modern Apartment Back Bay
42.3459685,-71.0847361,304.0,Luxury Apt In Heart of Back Bay
42.3459685,-71.0847361,206.0,Luxury Apt In Heart of Back Bay
42.3459685,-71.0847361,305.0,Luxury Apt Near Prudential Center
42.34766130262449,-71.07359291664376,349.0,Open-Concept 2BR Loft in the Heart of Back Bay
42.34906240442473,-71.07172043897091,379.0,Garden 1BR Loft in Back Bay Near Copley
42.34920745378893,-71.09054871759881,1113.0,Luxury 4BR | 2.5BA Back Bay Duplex
42.36032271327286,-71.07196906167422,1134.0,Large 3.5 BR|2 BA Penthouse Duplex
42.35021516260189,-71.06467171777187,493.0,Prime Downtown Location | 2BR 2BA  Boston Common
42.362161254305605,-71.13302985893067,206.0,Luxury Studio near Harvard 2352
42.32971,-71.11263,485.0,Modern Lakeview Penthouse | 2BR 2BA
42.34264,-71.07861,235.0,Sunny Studio Apartment with Private Kitchenette
42.3415,-71.0969,341.0,Fenway Park – Two BR – Walk everywhere! Location!
42.3655039,-71.0621412,206.0,Stunning Apt with City Views
42.3655039,-71.0621412,206.0,Luxury Apt Downtown with Pool
42.3254303,-71.068862,94.0,Stunning luxury Bedroom
42.31180548918105,-71.07078347720483,538.0,Stylish 6BR Retreat near Beach 3.5mi from Downtown
42.35050644813439,-71.0817356491051,293.0,"(H1) Second Floor, 1 Bedroom, Nebwury Street!"
42.34046,-71.1557,185.0,"Sun-filled Unit, Elevator, Pool, Boston College"
42.34125310870103,-71.07861001790172,212.0,Stylish South End Studio
42.36246292460605,-71.13504225533046,206.0,Luxury 2bd/2ba near Harvard 9661
42.37624,-71.03514,216.0,Luxury 3BD Short Walk to Airport
42.3761378,-71.0352327,202.0,Lux 3BD Minutes Walk to Airport
42.328329610921344,-71.09122521381198,385.0,NEW! LUX 3BR w/ 400 Mbps Wifi | ROKU TV & Games!
42.33396279999999,-71.03944299999999,440.0,3BR | 3.5BA Single Family | Workspace | Playroom
42.37632275450519,-71.03096816288726,290.0,NomadiQ Walk to Airport / 5 min drive to Downtown
42.34721,-71.038,500.0,Sea view Outstanding apartment
42.36136,-71.13079,99.0,Near Harvard Business 1-4
42.32848,-71.11198,540.0,Luxury 3 Br 2 Ba Jamica pond Boston Hospitals
42.35232907698496,-71.06462867139705,799.0,Spacious 2BR 2BA Downtown Boston
42.30206,-71.08429,175.0,2BR Lower Garden-Level Apt 20min (Downtown Boston)
42.3283,-71.09362,796.0,5-story Luxury Boston Brownstone
42.3416617,-71.07641439999999,184.0,"(T8) Budget Friendly, Prime Location, South End!"
42.38122,-71.02335,64.0,Simple Room (A) in Blue House Next to Wood Island
42.34567047506077,-71.07976198095092,128.0,Chic Back Bay Studio Retreat
42.3507,-71.08883,215.0,Back Bay Studio and Private Patio
42.27975813889074,-71.09634596880976,206.0,Room 2 - two queen beds
42.27145,-71.1282,254.0,Modern 3Bd hidden gem + parking
42.38046,-71.02124,70.0,Simple Room (C) near Wood Island
42.38159,-71.02163,71.0,Simple Room B 3 min to Wood Island MBTA stop
42.34252603581394,-71.08077596745684,237.0,Great Value Studio in South End!
42.28084243852164,-71.09602011674984,170.0,Room 1 King Bed
42.28078475749195,-71.09469371938248,170.0,Room 3 Queen bed
42.28086038136468,-71.09611863910148,170.0,Room 4 - Queen bed
42.36151,-71.05558,160.0,Cozy Studio in Faneuil Hall/Quincy Market
42.36026,-71.05565,317.0,Elegant 2BR 0.09mi Faneuil Hall/Quincy Market
42.33654,-71.08373,507.0,"Renovated, 2BR, 2BA in Boston"
42.33718,-71.08353,344.0,Chic South End 2BR | Near NEU & Transit
42.33595,-71.08482,475.0,"Modern 2-bed, 2-bath, 4 min walk to Northeastern"
42.33761,-71.0855,217.0,"New Construction, near NEU/BMC, Elevator, 2B, 2BA"
42.37503,-71.03252,141.0,NomadiQ boutique stay
42.34984,-71.07199,343.0,"Expansive Back Bay Two-Level Loft, 2B/2B"
42.34770826531738,-71.07366856664893,309.0,"Sunny 2BR w/ Office, Near Copley & Shopping"
42.33814,-71.04081,477.0,3 Bedroom w/ City Skyline Views!
42.364208,-71.061363,335.0,Next to TD Garden in downtown Boston
42.32075395767271,-71.11019449528467,102.0,A tree house like room in Jamaica Plain
42.28529,-71.11973,274.0,Stylish Boston Getaway Near Arboretum & T Station!
42.3504,-71.06538,202.0,Sunny Studio Downtown Boston Bed Full of Promises!
42.32583,-71.07743,446.0,Luxury 3BR | Free Parking | Boston | ROKU TV
42.38036,-71.03436,334.0,Cloud 9 Lounge | Aviation-Themed Designer Flat
42.2951846,-71.0530428,434.0,90/3 - 4BR Dorchester | Stylish Near Geneva Cliff
42.34809597068834,-71.07389976287094,397.0,"Expansive Back Bay 2-Level Loft, Sleeps 6, 2B/2B"
42.3634415,-71.0551778,206.0,Luxury 2BR North End Retreat
42.3634415,-71.0551778,278.0,Chic North End Escape Near Waterfront
42.3655039,-71.0621412,266.0,Luxury Apt Near TD Garden
42.34692,-71.07065,206.0,Award-winning hotel in one of Boston’s best ‘hoods
42.34692,-71.07065,206.0,Steps from Back Bay & Boston’s historic sights
42.34927,-71.07366,221.0,Tea Party Suite
42.349108427960296,-71.07182007570822,487.0,"Stylish 3BR, 2BA, Sleeps 6, Heart of Back Bay"
42.363729,-71.12163,206.0,Downtown 1BR w/ Gym near Harvard
42.3527874,-71.0464795,270.0,Luxury Apt in Seaport with Gym
42.34633,-71.1449,206.0,Great room with a private bath
42.3316,-71.11115,185.0,Bright 1st-Fl 2BR Near Hospitals
42.29785,-71.07148,246.0,4 Mi to Fenway Park: Pet-Friendly Dorchester Apt!
42.32888,-71.05729,68.0,Charming bedroom near beach
42.3773,-71.05951,283.0,Charlestown Gem | Central & Historic Walkable Stay
42.27164685167786,-71.07604932664603,230.0,Stylish New City Townhouse
42.30726,-71.06078,316.0,"Central, Stylish Home in Quiet Boston Neighborhood"
42.39014,-71.00436,685.0,Spacious Home with Decks & View
42.39061,-71.0017,144.0,"Boston 3 bed home, 6 minute to T"
42.33781,-71.15398,214.0,Spacious Home In Boston - Brighton with Pool Table
42.28994,-71.11263,134.0,Suite - Jamaica Plain / Woodbourne
42.34323,-71.07752,188.0,"(476-6) 2Beds, Cozy Home, Prime Location!"
42.34383,-71.07886,250.0,"(476-7) Best Location, 2 Beds, W/D, Front Facing!"
42.36746,-71.05672,233.0,"TDGarden,Celtics/Bruins, Lil Italy,North End"
42.32121,-71.09197,350.0,Highland Park fun home
42.33715,-71.02978,418.0,Southie Dream 5BD/2Bath w/Sky Deck | Near Airport
42.32046,-71.05602,275.0,Bright & Spacious Boston Home | near T
42.302177,-71.0624284,69.0,Boston Charm 4: Private Room Near Downtow
42.34961,-71.06439,403.0,Steps to Shows + River View. Bar. Gym
42.34974,-71.0643,413.0,Stay Near Airport | Pet-friendly. Bar. River View
42.36704192699373,-71.05842845516868,259.0,Private BR Lux Apt | North End
42.3603672856839,-71.1254305958338,56.0,Huge Bedroom with Walk in Closet
42.342870849347314,-71.09835735586621,181.0,Fenway Park! – 1st Floor! Small bedroom – Walkable
42.36166,-71.1274,104.0,StudioDelux Allston
42.32777,-71.0875,343.0,Historic 2 floor Apt in Boston w/ outdoor deck!
42.3429115,-71.0990346,292.0,Gorgeous Apt with Kitchen
42.36168,-71.12563,56.0,The Nantucketer
42.34971669999999,-71.0602838,315.0,"Blueground | Chinatown, view, nr Boston Common"
42.35113,-71.06941,250.0,Steps from Fenway Park + Free Breakfast & Pool
42.35284,-71.06835,213.0,Walk to Fenway Park + Free Breakfast & Pool
42.35143,-71.06869,233.0,Steps from MGM Music Hall + Free Breakfast & Pool
42.35342,-71.06805,226.0,Across Fenway Park + Free Breakfast. Pool. Dining.
42.35124827600992,-71.06835694257046,239.0,Fenway Park View + Free Breakfast. Pool. Dining.
42.35119,-71.0695,254.0,Direct Fenway Park View + Breakfast. Pool. Dining.
42.31728,-71.05878,207.0,"5 beds 1 futon Clean, quiet convenient"
42.2841886,-71.0739505,129.0,"Boston 2BR—Deck, Office, Parking"
42.346069,-71.145748,367.0,"Blueground | St. Elizabeth's, balcony, nr park"
42.3467221,-71.1467655,331.0,"Blueground | St. Elizabeth's, gym nr Boston Common"
42.33855729999999,-71.06907079999999,318.0,"Blueground | South of Washington, nr Boston Common"
42.36463685568133,-71.13538540023691,237.0,"Breakfast included, Room near Harvard"
42.36343,-71.13539,285.0,Family Oasis across Charles River- w/ Breakfast
42.36313068852783,-71.13599724234237,286.0,Studio near Harvard - Free Parking Back
42.36346035023072,-71.13754296213001,398.0,Interstellar Suite near Harvard - Free parking
42.36324725239427,-71.1371677631565,434.0,"Runway Suite - Breakfast included, Free parking"
42.36311,-71.13553,345.0,Game On! Fun-Filled Suite across the Charles River
42.36442975938069,-71.13759283304576,367.0,Nature Suite near Harvard - Free Parking & Wi-Fi!
42.36308,-71.13723,339.0,Cinematic Escape Suite – Across the Charles River
42.36366,-71.13723,227.0,"ADA Single Room – Breakfast included, Near Harvard"
42.35169,-71.07082,458.0,Timeless Stay | Freedom Trail. Fitness Center
42.35206,-71.07198,443.0,Timeless Emblem | Boston Common. Fitness Center
42.3518,-71.07141,440.0,Luxuriant Stay | Freedom Trail. Library
42.35365,-71.07208,485.0,Timeless Journey | Public Garden. Fitness Center
42.35199,-71.07016,470.0,Iconic Experience | Aquarium. Library
42.35172,-71.07085,815.0,Urban Escape | Freedom Trail. Fitness Center
42.35172,-71.07064,571.0,Luxury Hideaway | Museums. Boston Common
42.35169,-71.07195,685.0,Classic Charm | Public Garden. Fitness Center
42.35206,-71.07226,753.0,Serene Sanctuary | Freedom Trail. Library
42.35355,-71.07159,772.0,Elite Escapes | Boston Common. Fitness Center
42.30883,-71.10481,165.0,Updated unit in Boston JP!
42.3437753,-71.0863087,279.0,"Blueground | Fenway–Kenmore, WiFi, nr Fenway Park"
42.3437753,-71.0863087,292.0,"Blueground | Fenway–Kenmore, view, nr Fenway Park"
42.36164,-71.07014,259.0,Beacon Hill! Walk to MGH
42.3112881600243,-71.04822874024336,150.0,Sunny Suite In Victorian Home
42.296,-71.07722,300.0,"Entire condo in Boston, MA"
42.35066,-71.05855,200.0,Luxury studio downtown Boston
42.34969,-71.07314,300.0,Back Bay Loft 1BR 1.5BA Sleeps 4
42.3498534,-71.0443746,250.0,High End Apt Seaport with Pool
42.29496,-71.04676,50000.0,Room Near Franklin Zoo | Pool | Free Breakfast
42.29496,-71.04676,50000.0,Ramada Boston l 2 Double Beds l Family Friendly
42.2949563,-71.0467594,50000.0,2 Family Rooms Near Franklin Zoo | Onsite Pool
42.29496,-71.04676,50000.0,Relaxing Stay Near JFK Library & Franklin Zoo
42.2949563,-71.0467594,50000.0,Ramada Boston l Queen Bed l Onsite Pool
42.2949563,-71.0467594,50000.0,Affordable Stay Near Boston Sights | Bfast | Pool
42.29496,-71.04676,50000.0,"Ramada Boston l King Bed l Free Shuttle, Breakfast"
42.3461643,-71.0629436,660.0,South End Luxe Apartment
42.30299591643738,-71.0639373646925,109.0,L1_Boston Street 1
42.3461643,-71.0629436,567.0,Boston 2 Bedroom Suite
42.37849,-71.03607,59.0,Cloud 9 Lounge | room 3
42.35212580687512,-71.07660122637624,292.0,"(J7) Newly Styled Studio, A+ Location Back Bay!"
42.3498534,-71.0443746,263.0,Lux Apt Downtown Seaport with Pool
42.329532,-71.088219,454.0,"Clean, Contemporary Escape | Near T"
42.284464364224185,-71.069788781848,97.0,"Remodeled 3 bdrm, close to Ashmont Station"
42.33128,-71.1108,63.0,"X21, Spacious Rm Close to Longwood Hospitals/HMS"
42.34619,-71.14422,211.0,The Osler: Spacious • Full Kitchen • Gym • W/D
42.30198,-71.06783,538.0,85a3 Modern 3BR | 2BA | Family Base in Boston
42.30234,-71.06827,345.0,"85b4 Brand new 3BR/Walk to Transit, near Boston"
42.33079787550621,-71.11027525159194,70.0,X24 Near HMS/Longwood Hospitals
42.31023,-71.09889,514.0,Luxury 2b2b Seaport
42.37585,-71.03599,132.0,Spacious & Modern BD - Near Subway & Logan Airport
42.37441,-71.03758,130.0,Private Stay Near T Line – Great to Explore Boston
42.3192857644855,-71.05430082413193,109.0,G8_Room Near Downtown Boston
42.28807,-71.04796,68.0,Cozy Room in Neponset w/ Private Bathroom
42.37645,-71.03727,130.0,Great Stay to Explore Boston - Near Subway & Logan
42.34941,-71.08683,129.0,Studio with Private Roof Deck
42.34209,-71.07361,242.0,South End Urban Escape
42.34323,-71.07364,233.0,Boston South End Gem
42.35038237771015,-71.06228182384991,552.0,2BR Penthouse Boston Common DT
42.33751,-71.03799,362.0,Southie condo with Hot tub
42.35066,-71.14177,222.0,Luxury 1BD | Prime Location
42.3488417195343,-71.06861266844338,434.0,Private loft style townhouse.
42.28743,-71.04217,360.0,Lorenzo Inn
42.34619,-71.14523,247.0,The Cushing: Lofty Ceilings • Kitchen • Gym  • W/D
42.33893,-71.037,289.0,South Boston 3bdr BCEC & Seaport
42.3659729,-71.05788,518.0,North End Entire House Downtown/TD Garden
42.35037,-71.09574,350.0,Walk to T! 1st Floor - 2 Beds / 1 Bath - Location!
42.34482,-71.15031,275.0,Feel At Home
42.35205,-71.14113,594.0,Vintage 5BR apt | ROKU HDTV
42.34242,-71.16682,64.0,Boston Lakeside Oasis
42.35129,-71.06873,571.0,Back-Bay 2BR Downtown & Parking 9100
42.33172,-71.03917,536.0,2 level 3BD 1BA - Seaport/Convention Centre BCEC
42.38627,-71.00439,92.0,33EB room 1
42.32466695967374,-71.05689921323837,581.0,New • 5BR/3B Luxe Stay • South Bay
42.34675,-71.14259,157.0,Chic 2BR 2BA Apartment • Mins to Boston Downtown
42.346600947134434,-71.14086614846592,160.0,Peaceful 2BR 2BA Oasis Close to Boston Downtown
42.32099950000001,-71.1236845,200.0,Cabot Estate: 2 br penthouse!
42.3075175,-71.0754278,309.0,233/3 - 4BR Boston | Peaceful Escape near Park Zoo
42.31445,-71.05607,439.0,14a6 Cozy apt 3br/8 beds/free parking
42.34477,-71.151,47.0,Cozy Room - First floor - No stairs - Quiet area!
42.36442027081523,-71.05658300220966,260.0,Apartment in Boston's North End
42.34753,-71.13956,159.0,Free parking spot – In front of Subway - Location
42.2828031,-71.0515875,140.0,Welcome to Your Luxurious Urban Haven!
42.30200395772059,-71.06386696389099,102.0,L2_Boston Street 2
42.30182614406435,-71.0638196081213,102.0,L3_Boston Street3
42.30185158430184,-71.0659014323308,103.0,L4_Boston Street 4
42.30335,-71.0644,103.0,L5_Boston Street 5
42.30127,-71.06395,95.0,L6_Boston Street 6
42.30213,-71.06406,103.0,L7_Boston Street 7
42.30164536049026,-71.06400822067049,103.0,L8_Boston Street 8
42.30333577070078,-71.06603230885989,103.0,L9_Boston Street 9
42.30349053282968,-71.06375895548156,103.0,M10_Boston Street 10
42.30338,-71.06548,314.0,M11_Boston Street 11
42.30157,-71.06596,428.0,X_Entire 4 Beds Apartment Boston
42.29555921174926,-71.05607438208189,261.0,"Renovated 3B, 2BA, Skyline View, Laundry, Cen Air"
42.33795433132988,-71.05274777656716,296.0,Luxury 2BD/2Bath in South Boston
42.3147475871552,-71.09935776841044,59.0,Functional Private Room #926 B
42.365967,-71.05794999999999,401.0,North End Entire House
42.36461,-71.05432,806.0,North End TD Gadern Downtown Apt
42.334239167421416,-71.05486540379715,652.0,Modern 5B3B in Boston | Steps to Convention Center
42.33069070289711,-71.11031817534237,525.0,Nice 2 Br 2BA corner Boston hospitals
42.33191,-71.0977,131.0,Cozy 1 Bedroom
42.33145,-71.09781,182.0,3 Bedroom in Boston
42.34938636194351,-71.13842377205413,132.0,In front of the subway- Free Parking- Location
42.3429115,-71.0990346,267.0,Gorgeous Apt with Kitchen and Gym
42.3429115,-71.0990346,288.0,Gorgeous Apt with Kitchen
42.3429115,-71.0990346,368.0,Gorgeous Apt with Kitchen
42.34291,-71.09904,358.0,Spacious Apt with Kitchen
42.3429115,-71.0990346,288.0,Gorgeous Apt with Kitchen and Lounge
42.3429115,-71.0990346,258.0,Luxury Apt with Kitchen in Fenway
42.3429115,-71.0990346,360.0,Gorgeous Apt with Kitchen and Gym
42.3207386,-71.0783905,384.0,"4bed2bath, Sleeps 12, Free Parking!"
42.36494,-71.06597,130.0,Furnished 1BR in Downtown
42.33148570064327,-71.05081892059998,257.0,(Southie4) Bright S. Boston Apartment w/ AC + W/D
42.34299681095423,-71.09871326893501,202.0,Fenway Park! - Two BR - 1st Floor! Location! Walk!
42.34149,-71.09814,271.0,Fenway Park! - 2BR/1BA- 1st Floor! Location! Walk!
42.3434,-71.09687,274.0,Fenway Park! – Walk to all! – 2BR/1BA – Location
42.35126,-71.14101,275.0,Luxe 2BR | Prime Location
42.28736,-71.05401,538.0,4BR/2BA Free Parking | Walk to MBTA & Restaurants
42.34131,-71.15916,108.0,Room rental near Boston College
42.2873604,-71.0540121,418.0,"Cozy 3BR/2BA Parking, Walk To MBTA & Restaurants"
42.3098,-71.06987,44.0,Private Guest Suite.
42.34276,-71.09645,182.0,Fenway Park! – Walk everywhere! – 1st floor – 1BR!
42.3541897044622,-71.13766037609905,363.0,Luxury21.4 - Boston Landing - Allston Yards
42.34075,-71.07972,116.0,Simple Apartment #1356
42.3596514004828,-71.1291066728819,47.0,Convenient Private Room #1735 E
42.3735,-71.06285,150.0,"Modern studio, 2nd floor, near T"
42.34458739999999,-71.0701033,176.0,Top Floor South End Condo
42.36061730578153,-71.06707555441325,248.0,"First Floor, W/D, Hospitals, Dining, More"
42.27855,-71.09326,110.0,Boston Urban Nests U1: Long Term 1 Month + Only
42.27695,-71.0949,120.0,Boston Urban Nests U2: Long Term 1 Month + Only
42.27769,-71.09514,162.0,Boston Urban Nests U3: Long Term 1 Month + Only
42.38837,-70.99923,90.0,5-room 1
42.34367,-71.0983,169.0,Fenway Park – Studio – Walk everywhere – Location
42.34172188639561,-71.09655887619759,285.0,Fenway Park! – Walk to all! – 2BR/1BA – Location!-
42.35083,-71.14246,597.0,Vintage 5BR apt | ROKU HDTV | Sleeps 12
42.3855,-71.00649,91.0,Free parking 2
42.34871357232547,-71.0942304918658,1070.0,Steps to Fenway Park + On-Site Dining. Bar. Gym.
42.34919,-71.0943,1070.0,Fenway Park View + On-Site Dining. Bar. Gym.
42.34759,-71.09494,1070.0,Direct Fenway Park View + On-Site Dining. Bar. Gym
42.34917,-71.09636,1070.0,Walk to Boston University + Dining. Bar. Gym.
42.38890388751378,-71.000785950841,90.0,5- room 2
42.37604740105627,-71.0309794684191,319.0,Boutique Apt in E Boston
42.38829,-71.00004,91.0,7-room 4
42.35016,-71.06516,492.0,Bright/ Modern 2BR 2BA unit in downtown Boston
42.35034,-71.06369,611.0,Cozy&Modern 2Br 2Ba unit downtown Boston /King Bed
42.38838,-71.00078,89.0,7-room 2
42.34955,-71.05825,165.0,Luxurious 1BD Loft in Boston’s Leather District
42.38823,-70.99874,90.0,7-room 3
42.3902,-71.00046,89.0,7-room 1
42.3075175,-71.0754278,377.0,233/1 - 4BR Comfortable Apt near Franklin Park Zoo
42.34923165066435,-71.13955728584001,167.0,Location-Free Parking-Close to the subway
42.29563,-71.07512,300.0,558/1 - Boston | Cozy 3BR Nest by Franklin Park
42.29513,-71.0771,243.0,558/2 - Boston| Bright 3BR Stay Near Franklin Park
42.35291,-71.13926,363.0,Luxury24.4 - Boston Landing - Allston Yards
42.2762582,-71.073779,386.0,60/1 4BR Boston - Cozy New Apt near Franklin Park
42.29078,-71.06892,235.0,80/3 Boston | 3BR Warm Apt Nr Heart of Dorchester
42.2762582,-71.073779,316.0,60/2 - 3BR Boston | Modern Apt near Franklin Park
42.29632,-71.06536,484.0,6BR3BA w Parking Near T I Foosball & Family Space
42.3597441,-71.06426789999999,222.0,Beacon Hill Charm - Prime Boston Stay
42.3597441,-71.06426789999999,203.0,Beacon Hill Boutique
42.35126,-71.06355,243.0,Downtown Boston Central Location Famous Nightlife
42.3463,-71.14188,180.0,Golden Fall Vibes - 2BR Haven Near Boston Center
42.3597441,-71.06426789999999,190.0,The Hill House (Beacon Hill)
42.3597441,-71.06426789999999,230.0,Moonlight Beacon Hill Sonata
42.3597441,-71.06426789999999,285.0,The Beacon Hill Residence
42.3273,-71.07729,325.0,Luxury 3BR | Backyard | Free Parking | ROKU HDTV
42.34187,-71.07788,170.0,NEW-Boston South End-Walk to Everything-Brownstone
42.32829,-71.11181,578.0,Wonderful View Penthouse 2BR 2BA unit in High-end
42.33634,-71.0753,363.0,2 BR Condo - South End
42.35301579361514,-71.1396644073331,180.0,1 Free parking spot - Nice 2 bedroom - First floor
42.283338,-71.052397,46.0,"Spacious Bedroom with Office, Lounge & Walk In 1B"
42.3453703,-71.0744632,106.0,Heart of South End • Cozy 1BR Close to All
42.38194,-71.01981,333.0,Spacious 4 bdroom apt in East Boston
42.331829038642006,-71.10596620037948,112.0,"Bright, Open Studio - Longwood/Fenway"
42.35692,-71.14385,210.0,Bright Newliy-built 1BR w/ In-unit Laundry + MBTA
42.31426,-71.08818,48.0,Blue Heaven Suit - Long Term Convience Tranquility
42.32021,-71.10521,120.0,Modern 1 bd With Lots of Extra Space
42.32168,-71.07726,212.0,Private Bed (2 Queens) and bath! Free Parking!
42.28442,-71.05309,40.0,Comfy Bedroom with Workspace and Lounge 1A
42.28295,-71.05149,40.0,Cozy Bedroom with Workspace 1C
42.28425,-71.05333,40.0,Sunny Bedroom with Lounge and Workspace 1D
42.35583,-71.12955,216.0,Luxe apartment in Boston’s Allston Village.
42.34148,-71.09695,186.0,Close to the Subway (T)-Fenway Park-Location
42.3498,-71.0986,144.0,Luxury unit in heart of Boston / Fenway
42.3025161,-71.16411889999999,112.0,"One Bedroom  modern apartment in Chestnut Hill, MA"
42.31997,-71.07752,218.0,Private 2bed1bath w. Free Parking! Transit closeby
42.30948,-71.05987,401.0,Chic 3BR1.5BA City Stay | Near T + Parking
42.35734369705724,-71.15812089919072,81.0,nice and cozy room 5
42.35687,-71.14243,195.0,"Luxury Studio at The Vera, New Building w/ Laundry"
42.35692,-71.14448,175.0,Luxury Studio at The Vera | Boston Landing + MBTA
42.28751390685546,-71.07787968307602,235.0,Comfort Meets Convenience – 3BR + Free Parking
42.37096,-71.03584,268.0,Apt next to Airport/5 min to Downtown
42.3634415,-71.0551778,165.0,City Apt Steps from Boston Waterfront
42.3498534,-71.0443746,252.0,Luxury & Bright Apt Downtown Seaport
42.3498534,-71.0443746,338.0,Modern Apt with City Views and Gym
42.34985,-71.04438,268.0,Luxury Apt Steps to Shops and Restaurants
42.3498534,-71.0443746,260.0,Seaport Apt with City Views and Pool
42.3498534,-71.0443746,272.0,Luxury Apt Heart of Seaport with Gym
42.3498534,-71.0443746,251.0,Spacious Apt Full Kitchen In Seaport
42.3498534,-71.0443746,364.0,Full Private Apt Downtown Seaport with Pool
42.3498534,-71.0443746,380.0,Luxury Apt with Kitchen and Pool
42.38605,-71.00435,111.0,Third floor room - free parking
42.32881,-71.09256,463.0,NEW! LUX 3BR w/ 400 Mbps Wifi | ROKU TV & Games!
42.35444,-71.13987,363.0,Luxury23.5 - Boston Landing - Allston Yards
42.3846,-71.00615,111.0,Free parking - room 3
42.3766316,-71.0379025,103.0,East Boston Garden Apartment – Monthly Stays
